date,strategy,mode,selected_assets,top_score
2026-03-23,daa,defensive,SHY:1.0000,3.4224
2026-03-23,vaa,defensive,SHY:1.0000,-0.0010
2026-03-23,paa,defensive,DBC:0.0833|SHY:0.9167,3.4224
2026-03-23,baa_g12,defensive,SHY:1.0000,3.4224
2026-03-23,baa_g4,defensive,SHY:1.0000,-0.0010
2026-03-23,gem,offensive,EFA:1.0000,0.1792
2026-03-23,haa,defensive,SHY:1.0000,-0.0010
2026-03-23,permanent,offensive,BIL:0.2500|GLD:0.2500|SPY:0.2500|TLT:0.2500,0.1482
2026-03-23,all_weather,offensive,DBC:0.0750|GLD:0.0750|IEF:0.1500|SPY:0.3000|TLT:0.4000,3.4224
2026-03-23,golden_butterfly,offensive,GLD:0.2000|SHY:0.2000|SPY:0.2000|TLT:0.2000|VBR:0.2000,-0.0010
2026-03-23,gtaa,offensive,DBC:0.2000|EFA:0.2000|IEF:0.2000|SPY:0.2000|VNQ:0.2000,3.4224
2026-03-23,ivy,offensive,DBC:0.2000|EFA:0.2000|IEF:0.2000|VNQ:0.2000|VTI:0.2000,3.4224
2026-03-23,faa,offensive,DBC:0.3333|SHY:0.6667,0.8556
2026-03-23,eaa,offensive,DBC:1.0000,0.8556
2026-03-23,laa,offensive,GLD:0.2500|IEF:0.2500|IWD:0.2500|SHY:0.2500,-0.0010
2026-03-23,daa,defensive,SHY:1.0000,3.4224
2026-03-23,vaa,defensive,SHY:1.0000,-0.0010
2026-03-23,paa,defensive,DBC:0.0833|SHY:0.9167,3.4224
2026-03-23,baa_g12,defensive,SHY:1.0000,3.4224
2026-03-23,baa_g4,defensive,SHY:1.0000,-0.0010
2026-03-23,gem,offensive,EFA:1.0000,0.1792
2026-03-23,haa,defensive,SHY:1.0000,-0.0010
2026-03-23,permanent,offensive,BIL:0.2500|GLD:0.2500|SPY:0.2500|TLT:0.2500,0.1482
2026-03-23,all_weather,offensive,DBC:0.0750|GLD:0.0750|IEF:0.1500|SPY:0.3000|TLT:0.4000,3.4224
2026-03-23,golden_butterfly,offensive,GLD:0.2000|SHY:0.2000|SPY:0.2000|TLT:0.2000|VBR:0.2000,-0.0010
2026-03-23,gtaa,offensive,DBC:0.2000|EFA:0.2000|IEF:0.2000|SPY:0.2000|VNQ:0.2000,3.4224
2026-03-23,ivy,offensive,DBC:0.2000|EFA:0.2000|IEF:0.2000|VNQ:0.2000|VTI:0.2000,3.4224
2026-03-23,faa,offensive,DBC:0.3333|SHY:0.6667,0.8556
2026-03-23,eaa,offensive,DBC:1.0000,0.8556
2026-03-23,laa,offensive,GLD:0.2500|IEF:0.2500|IWD:0.2500|SHY:0.2500,-0.0010
2026-03-24,daa,defensive,SHY:1.0000,3.7686
2026-03-24,vaa,defensive,SHY:1.0000,-0.0054
2026-03-24,paa,defensive,DBC:0.0833|SHY:0.9167,3.7767
2026-03-24,baa_g12,defensive,SHY:1.0000,3.7887
2026-03-24,baa_g4,defensive,SHY:1.0000,-0.0076
2026-03-24,gem,offensive,EFA:1.0000,0.1802
2026-03-24,haa,defensive,SHY:1.0000,-0.0065
2026-03-24,permanent,offensive,BIL:0.2500|GLD:0.2500|SPY:0.2500|TLT:0.2500,0.1484
2026-03-24,all_weather,offensive,DBC:0.0750|GLD:0.0750|IEF:0.1500|SPY:0.3000|TLT:0.4000,3.7927
2026-03-24,golden_butterfly,offensive,GLD:0.2000|SHY:0.2000|SPY:0.2000|TLT:0.2000|VBR:0.2000,-0.0072
2026-03-24,gtaa,offensive,DBC:0.2500|EFA:0.2500|IEF:0.2500|SPY:0.2500,3.7927
2026-03-24,ivy,offensive,DBC:0.2500|EFA:0.2500|IEF:0.2500|VTI:0.2500,3.7927
2026-03-24,faa,offensive,DBC:0.3333|SHY:0.6667,0.9482
2026-03-24,eaa,offensive,DBC:1.0000,0.9482
2026-03-24,laa,offensive,GLD:0.2500|IEF:0.2500|IWD:0.2500|SHY:0.2500,-0.0088
2026-03-24,daa,defensive,SHY:1.0000,3.7927
2026-03-24,vaa,defensive,SHY:1.0000,-0.0088
2026-03-24,paa,defensive,DBC:0.0833|SHY:0.9167,3.7968
2026-03-24,baa_g12,defensive,SHY:1.0000,3.7968
2026-03-24,baa_g4,defensive,SHY:1.0000,-0.0065
2026-03-24,gem,offensive,EFA:1.0000,0.1833
2026-03-24,haa,defensive,SHY:1.0000,-0.0065
2026-03-24,permanent,offensive,BIL:0.2500|GLD:0.2500|SPY:0.2500|TLT:0.2500,0.1480
2026-03-24,all_weather,offensive,DBC:0.0750|GLD:0.0750|IEF:0.1500|SPY:0.3000|TLT:0.4000,3.7928
2026-03-24,golden_butterfly,offensive,GLD:0.2000|SHY:0.2000|SPY:0.2000|TLT:0.2000|VBR:0.2000,-0.0065
2026-03-24,gtaa,offensive,DBC:0.2500|EFA:0.2500|IEF:0.2500|SPY:0.2500,3.7928
2026-03-24,ivy,offensive,DBC:0.2500|EFA:0.2500|IEF:0.2500|VTI:0.2500,3.7928
2026-03-24,faa,offensive,DBC:0.3333|SHY:0.6667,0.9472
2026-03-24,eaa,offensive,DBC:1.0000,0.9472
2026-03-24,laa,offensive,GLD:0.2500|IEF:0.2500|IWD:0.2500|SHY:0.2500,0.0006
2026-03-25,daa,defensive,SHY:1.0000,3.4601
2026-03-25,vaa,defensive,SHY:1.0000,0.0105
2026-03-25,paa,defensive,DBC:0.0833|SHY:0.9167,3.4601
2026-03-25,baa_g12,defensive,SHY:1.0000,3.4601
2026-03-25,baa_g4,defensive,SHY:1.0000,0.0099
2026-03-25,gem,offensive,EFA:1.0000,0.2004
2026-03-25,haa,defensive,SHY:1.0000,0.0099
2026-03-25,permanent,offensive,BIL:0.2500|GLD:0.2500|SPY:0.2500|TLT:0.2500,0.1475
2026-03-25,all_weather,offensive,DBC:0.0750|GLD:0.0750|IEF:0.1500|SPY:0.3000|TLT:0.4000,3.4547
2026-03-25,golden_butterfly,offensive,GLD:0.2000|SHY:0.2000|SPY:0.2000|TLT:0.2000|VBR:0.2000,0.0099
2026-03-25,gtaa,offensive,DBC:0.2500|EFA:0.2500|IEF:0.2500|SPY:0.2500,3.4560
2026-03-25,ivy,offensive,DBC:0.2500|EFA:0.2500|IEF:0.2500|VTI:0.2500,3.4560
2026-03-25,faa,offensive,DBC:0.3333|SHY:0.6667,0.8640
2026-03-25,eaa,offensive,DBC:1.0000,0.8620
2026-03-25,laa,offensive,GLD:0.2500|IEF:0.2500|IWD:0.2500|QQQ:0.2500,0.0087
2026-03-25,daa,defensive,SHY:1.0000,3.4560
2026-03-25,vaa,defensive,SHY:1.0000,0.0087
2026-03-25,paa,defensive,DBC:0.0833|SHY:0.9167,3.4560
2026-03-25,baa_g12,defensive,SHY:1.0000,3.4600
2026-03-25,baa_g4,defensive,SHY:1.0000,0.0087
2026-03-25,gem,offensive,EFA:1.0000,0.1987
2026-03-25,haa,defensive,SHY:1.0000,0.0087
2026-03-25,permanent,offensive,BIL:0.2500|GLD:0.2500|SPY:0.2500|TLT:0.2500,0.1458
2026-03-25,all_weather,offensive,DBC:0.0750|GLD:0.0750|IEF:0.1500|SPY:0.3000|TLT:0.4000,3.4800
2026-03-25,golden_butterfly,offensive,GLD:0.2000|SHY:0.2000|SPY:0.2000|TLT:0.2000|VBR:0.2000,0.0110
2026-03-25,gtaa,offensive,DBC:0.2500|EFA:0.2500|IEF:0.2500|SPY:0.2500,3.5001
2026-03-25,ivy,offensive,DBC:0.2500|EFA:0.2500|IEF:0.2500|VTI:0.2500,3.5041
2026-03-25,faa,offensive,DBC:0.3333|SHY:0.6667,0.8760
2026-03-25,eaa,offensive,DBC:1.0000,0.8740
2026-03-25,laa,offensive,GLD:0.2500|IEF:0.2500|IWD:0.2500|SHY:0.2500,0.0099
2026-03-26,daa,defensive,SHY:1.0000,3.8571
2026-03-26,vaa,defensive,SHY:1.0000,-0.0170
2026-03-26,paa,defensive,DBC:0.0833|SHY:0.9167,3.8571
2026-03-26,baa_g12,defensive,SHY:1.0000,3.8732
2026-03-26,baa_g4,defensive,SHY:1.0000,-0.0170
2026-03-26,gem,offensive,EFA:1.0000,0.1736
2026-03-26,haa,defensive,SHY:1.0000,-0.0170
2026-03-26,permanent,offensive,BIL:0.2500|GLD:0.2500|SPY:0.2500|TLT:0.2500,0.1460
2026-03-26,all_weather,offensive,DBC:0.0750|GLD:0.0750|IEF:0.1500|SPY:0.3000|TLT:0.4000,3.8771
2026-03-26,golden_butterfly,offensive,GLD:0.2000|SHY:0.2000|SPY:0.2000|TLT:0.2000|VBR:0.2000,-0.0170
2026-03-26,gtaa,offensive,DBC:0.3333|EFA:0.3333|IEF:0.3333,3.8771
2026-03-26,ivy,offensive,DBC:0.3333|EFA:0.3333|IEF:0.3333,3.8537
2026-03-26,faa,offensive,DBC:0.3333|SHY:0.6667,0.9634
2026-03-26,eaa,offensive,DBC:1.0000,0.9633
2026-03-26,laa,offensive,GLD:0.2500|IEF:0.2500|IWD:0.2500|SHY:0.2500,-0.0182
2026-03-26,daa,defensive,SHY:1.0000,3.8531
2026-03-26,vaa,defensive,SHY:1.0000,-0.0159
2026-03-26,paa,defensive,DBC:0.0833|SHY:0.9167,3.8411
2026-03-26,baa_g12,defensive,SHY:1.0000,3.8491
2026-03-26,baa_g4,defensive,SHY:1.0000,-0.0181
2026-03-26,gem,offensive,EFA:1.0000,0.1729
2026-03-26,haa,defensive,SHY:1.0000,-0.0182
2026-03-26,permanent,offensive,BIL:0.2500|GLD:0.2500|SPY:0.2500|TLT:0.2500,0.1450
2026-03-26,all_weather,offensive,DBC:0.0750|GLD:0.0750|IEF:0.1500|SPY:0.3000|TLT:0.4000,3.8431
2026-03-26,golden_butterfly,offensive,GLD:0.2000|SHY:0.2000|SPY:0.2000|TLT:0.2000|VBR:0.2000,-0.0159
2026-03-26,gtaa,offensive,DBC:0.3333|EFA:0.3333|IEF:0.3333,3.8331
2026-03-26,ivy,offensive,DBC:0.3333|EFA:0.3333|IEF:0.3333,3.8331
2026-03-26,faa,offensive,DBC:0.3333|SHY:0.6667,0.9583
2026-03-26,eaa,offensive,DBC:1.0000,0.9583
2026-03-26,laa,offensive,GLD:0.2500|IEF:0.2500|IWD:0.2500|SHY:0.2500,-0.0159
2026-03-27,daa,defensive,SHY:1.0000,4.2126
2026-03-27,vaa,defensive,SHY:1.0000,-0.0056
2026-03-27,paa,defensive,DBC:0.0833|SHY:0.9167,4.2126
2026-03-27,baa_g12,defensive,SHY:1.0000,4.2126
2026-03-27,baa_g4,defensive,SHY:1.0000,-0.0056
2026-03-27,gem,offensive,EFA:1.0000,0.1754
2026-03-27,haa,defensive,SHY:1.0000,-0.0056
2026-03-27,permanent,offensive,BIL:0.2500|GLD:0.2500|SPY:0.2500|TLT:0.2500,0.1492
2026-03-27,all_weather,offensive,DBC:0.0750|GLD:0.0750|IEF:0.1500|SPY:0.3000|TLT:0.4000,4.2245
2026-03-27,golden_butterfly,offensive,GLD:0.2000|SHY:0.2000|SPY:0.2000|TLT:0.2000|VBR:0.2000,-0.0064
2026-03-27,gtaa,offensive,DBC:0.3333|EFA:0.3333|IEF:0.3333,4.2285
2026-03-27,ivy,offensive,DBC:0.3333|EFA:0.3333|IEF:0.3333,4.2285
2026-03-27,faa,offensive,DBC:0.3333|SHY:0.6667,1.0541
2026-03-27,eaa,offensive,DBC:1.0000,1.0521
2026-03-27,laa,offensive,GLD:0.2500|IEF:0.2500|IWD:0.2500|SHY:0.2500,-0.0056
2026-03-27,daa,defensive,SHY:1.0000,4.2086
2026-03-27,vaa,defensive,SHY:1.0000,-0.0045
2026-03-27,paa,defensive,DBC:0.0833|SHY:0.9167,4.2166
2026-03-27,baa_g12,defensive,SHY:1.0000,4.2285
2026-03-27,baa_g4,defensive,SHY:1.0000,-0.0045
2026-03-27,gem,offensive,EFA:1.0000,0.1756
2026-03-27,haa,defensive,SHY:1.0000,-0.0052
2026-03-27,permanent,offensive,BIL:0.2500|GLD:0.2500|SPY:0.2500|TLT:0.2500,0.1485
2026-03-27,all_weather,offensive,DBC:0.0750|GLD:0.0750|IEF:0.1500|SPY:0.3000|TLT:0.4000,4.2126
2026-03-27,golden_butterfly,offensive,GLD:0.2000|SHY:0.2000|SPY:0.2000|TLT:0.2000|VBR:0.2000,-0.0056
2026-03-27,gtaa,offensive,DBC:0.3333|EFA:0.3333|IEF:0.3333,4.2126
2026-03-27,ivy,offensive,DBC:0.3333|EFA:0.3333|IEF:0.3333,4.2126
2026-03-27,faa,offensive,DBC:0.3333|SHY:0.6667,1.0531
2026-03-27,eaa,offensive,DBC:1.0000,1.0541
2026-03-27,laa,offensive,GLD:0.2500|IEF:0.2500|IWD:0.2500|SHY:0.2500,-0.0056
2026-03-30,daa,defensive,SHY:1.0000,4.1673
2026-03-30,vaa,defensive,SHY:1.0000,0.0122
2026-03-30,paa,defensive,DBC:0.0833|SHY:0.9167,4.1633
2026-03-30,baa_g12,defensive,SHY:1.0000,4.1673
2026-03-30,baa_g4,defensive,SHY:1.0000,0.0120
2026-03-30,gem,offensive,EFA:1.0000,0.1764
2026-03-30,haa,defensive,SHY:1.0000,0.0133
2026-03-30,permanent,offensive,BIL:0.2500|GLD:0.2500|SPY:0.2500|TLT:0.2500,0.1458
2026-03-30,all_weather,offensive,DBC:0.0750|GLD:0.0750|IEF:0.1500|SPY:0.3000|TLT:0.4000,4.1752
2026-03-30,golden_butterfly,offensive,GLD:0.2000|SHY:0.2000|SPY:0.2000|TLT:0.2000|VBR:0.2000,0.0143
2026-03-30,gtaa,offensive,DBC:0.3333|EFA:0.3333|IEF:0.3333,4.1752
2026-03-30,ivy,offensive,DBC:0.3333|EFA:0.3333|IEF:0.3333,4.1752
2026-03-30,faa,offensive,DBC:0.3333|SHY:0.6667,1.0438
2026-03-30,eaa,offensive,DBC:1.0000,1.0438
2026-03-30,laa,offensive,GLD:0.2500|IEF:0.2500|IWD:0.2500|SHY:0.2500,0.0137
2026-03-30,daa,defensive,SHY:1.0000,4.1475
2026-03-30,vaa,defensive,SHY:1.0000,0.0137
2026-03-30,paa,defensive,DBC:0.0833|SHY:0.9167,4.1475
2026-03-30,baa_g12,defensive,SHY:1.0000,4.1444
2026-03-30,baa_g4,defensive,SHY:1.0000,0.0155
2026-03-30,gem,offensive,EFA:1.0000,0.1768
2026-03-30,haa,defensive,SHY:1.0000,0.0166
2026-03-30,permanent,offensive,BIL:0.2500|GLD:0.2500|SPY:0.2500|TLT:0.2500,0.1458
2026-03-30,all_weather,offensive,DBC:0.0750|GLD:0.0750|IEF:0.1500|SPY:0.3000|TLT:0.4000,4.1356
2026-03-30,golden_butterfly,offensive,GLD:0.2000|SHY:0.2000|SPY:0.2000|TLT:0.2000|VBR:0.2000,0.0144
2026-03-30,gtaa,offensive,DBC:0.3333|EFA:0.3333|IEF:0.3333,4.1396
2026-03-30,ivy,offensive,DBC:0.3333|EFA:0.3333|IEF:0.3333,4.1396
2026-03-30,faa,offensive,DBC:0.3333|SHY:0.6667,1.0349
2026-03-30,eaa,offensive,DBC:1.0000,1.0349
2026-03-30,laa,offensive,GLD:0.2500|IEF:0.2500|IWD:0.2500|SHY:0.2500,0.0155
2026-03-31,daa,defensive,SHY:1.0000,3.9273
2026-03-31,vaa,defensive,SHY:1.0000,0.0367
2026-03-31,paa,defensive,DBC:0.0833|SHY:0.9167,3.9273
2026-03-31,baa_g12,defensive,SHY:1.0000,3.9273
2026-03-31,baa_g4,defensive,SHY:1.0000,0.0378
2026-03-31,gem,offensive,EFA:1.0000,0.1965
2026-03-31,haa,defensive,SHY:1.0000,0.0378
2026-03-31,permanent,offensive,BIL:0.2500|GLD:0.2500|SPY:0.2500|TLT:0.2500,0.1456
2026-03-31,all_weather,offensive,DBC:0.0750|GLD:0.0750|IEF:0.1500|SPY:0.3000|TLT:0.4000,3.9234
2026-03-31,golden_butterfly,offensive,GLD:0.2000|SHY:0.2000|SPY:0.2000|TLT:0.2000|VBR:0.2000,0.0379
2026-03-31,gtaa,offensive,DBC:0.3333|EFA:0.3333|IEF:0.3333,3.9234
2026-03-31,ivy,offensive,DBC:0.3333|EFA:0.3333|IEF:0.3333,3.9195
2026-03-31,faa,offensive,DBC:0.3333|SHY:0.6667,0.9808
2026-03-31,eaa,offensive,DBC:1.0000,0.9750
2026-03-31,laa,offensive,GLD:0.2500|IEF:0.2500|IWD:0.2500|SHY:0.2500,0.0401
2026-03-31,daa,defensive,SHY:1.0000,3.8804
2026-03-31,vaa,defensive,SHY:1.0000,0.0471
2026-03-31,paa,defensive,DBC:0.0833|SHY:0.9167,3.7126
2026-03-31,baa_g12,defensive,SHY:1.0000,3.6657
2026-03-31,baa_g4,defensive,SHY:1.0000,0.0494
2026-03-31,gem,offensive,EFA:1.0000,0.2131
2026-03-31,haa,defensive,SHY:1.0000,0.0494
2026-03-31,permanent,offensive,BIL:0.2500|GLD:0.2500|SPY:0.2500|TLT:0.2500,0.1456
2026-03-31,all_weather,offensive,DBC:0.0750|GLD:0.0750|IEF:0.1500|SPY:0.3000|TLT:0.4000,3.6267
2026-03-31,golden_butterfly,offensive,GLD:0.2000|SHY:0.2000|SPY:0.2000|TLT:0.2000|VBR:0.2000,0.0494
2026-03-31,gtaa,offensive,DBC:0.2500|EFA:0.2500|IEF:0.2500|VNQ:0.2500,3.5720
2026-03-31,ivy,offensive,DBC:0.2500|EFA:0.2500|IEF:0.2500|VNQ:0.2500,3.5408
2026-03-31,faa,offensive,DBC:0.3333|SHY:0.6667,0.8852
2026-03-31,eaa,offensive,DBC:1.0000,0.8950
2026-03-31,laa,offensive,GLD:0.2500|IEF:0.2500|IWD:0.2500|SHY:0.2500,0.0448
2026-04-01,daa,defensive,SHY:1.0000,3.3304
2026-04-01,vaa,defensive,SHY:1.0000,0.5696
2026-04-01,paa,offensive,DBC:0.5833|SHY:0.4167,3.3265
2026-04-01,baa_g12,defensive,SHY:1.0000,3.3315
2026-04-01,baa_g4,defensive,SHY:1.0000,0.5645
2026-04-01,gem,offensive,EFA:1.0000,0.2545
2026-04-01,haa,defensive,SHY:1.0000,0.5662
2026-04-01,permanent,offensive,BIL:0.2500|GLD:0.2500|SPY:0.2500|TLT:0.2500,0.6546
2026-04-01,all_weather,offensive,DBC:0.0750|GLD:0.0750|IEF:0.1500|SPY:0.3000|TLT:0.4000,3.3343
2026-04-01,golden_butterfly,offensive,GLD:0.2000|SHY:0.2000|SPY:0.2000|TLT:0.2000|VBR:0.2000,0.6553
2026-04-01,gtaa,offensive,DBC:0.2000|EFA:0.2000|IEF:0.2000|SPY:0.2000|VNQ:0.2000,3.3459
2026-04-01,ivy,offensive,DBC:0.2000|EFA:0.2000|IEF:0.2000|VNQ:0.2000|VTI:0.2000,3.3459
2026-04-01,faa,offensive,DBC:0.3333|SHY:0.6667,0.8365
2026-04-01,eaa,offensive,DBC:0.8333|EEM:0.0729|GLD:0.0938,0.8355
2026-04-01,laa,offensive,GLD:0.2500|IEF:0.2500|IWD:0.2500|SHY:0.2500,0.6645
2026-04-01,daa,defensive,SHY:1.0000,3.3459
2026-04-01,vaa,defensive,SHY:1.0000,0.5696
2026-04-01,paa,offensive,DBC:0.5833|SHY:0.4167,3.3498
2026-04-01,baa_g12,defensive,SHY:1.0000,3.3498
2026-04-01,baa_g4,defensive,SHY:1.0000,0.5713
2026-04-01,gem,offensive,EFA:1.0000,0.2544
2026-04-01,haa,defensive,SHY:1.0000,0.5696
2026-04-01,permanent,offensive,BIL:0.2500|GLD:0.2500|SPY:0.2500|TLT:0.2500,0.6533
2026-04-01,all_weather,offensive,DBC:0.0750|GLD:0.0750|IEF:0.1500|SPY:0.3000|TLT:0.4000,3.3245
2026-04-01,golden_butterfly,offensive,GLD:0.2000|SHY:0.2000|SPY:0.2000|TLT:0.2000|VBR:0.2000,0.6542
2026-04-01,gtaa,offensive,DBC:0.2000|EFA:0.2000|IEF:0.2000|SPY:0.2000|VNQ:0.2000,3.3304
2026-04-01,ivy,offensive,DBC:0.2000|EFA:0.2000|IEF:0.2000|VNQ:0.2000|VTI:0.2000,3.3304
2026-04-01,faa,offensive,DBC:0.3333|SHY:0.6667,0.8316
2026-04-01,eaa,offensive,DBC:0.8328|EEM:0.0734|GLD:0.0938,0.8316
2026-04-01,laa,offensive,GLD:0.2500|IEF:0.2500|IWD:0.2500|SHY:0.2500,0.6612
2026-04-02,daa,defensive,SHY:1.0000,3.6068
2026-04-02,vaa,defensive,SHY:1.0000,0.0535
2026-04-02,paa,defensive,DBC:0.3333|SHY:0.6667,3.6107
2026-04-02,baa_g12,defensive,SHY:1.0000,3.6107
2026-04-02,baa_g4,defensive,SHY:1.0000,0.0545
2026-04-02,gem,offensive,EFA:1.0000,0.2386
2026-04-02,haa,defensive,SHY:1.0000,0.0545
2026-04-02,permanent,offensive,BIL:0.2500|GLD:0.2500|SPY:0.2500|TLT:0.2500,0.1516
2026-04-02,all_weather,offensive,DBC:0.0750|GLD:0.0750|IEF:0.1500|SPY:0.3000|TLT:0.4000,3.6068
2026-04-02,golden_butterfly,offensive,GLD:0.2000|SHY:0.2000|SPY:0.2000|TLT:0.2000|VBR:0.2000,0.1007
2026-04-02,gtaa,offensive,DBC:0.2500|EFA:0.2500|IEF:0.2500|VNQ:0.2500,3.5991
2026-04-02,ivy,offensive,DBC:0.2500|EFA:0.2500|IEF:0.2500|VNQ:0.2500,3.5991
2026-04-02,faa,offensive,DBC:0.3333|SHY:0.6667,0.9027
2026-04-02,eaa,offensive,DBC:0.9785|EEM:0.0056|GLD:0.0159,0.9021
2026-04-02,laa,offensive,GLD:0.2500|IEF:0.2500|IWD:0.2500|SHY:0.2500,0.0998
2026-04-02,daa,defensive,SHY:1.0000,3.6068
2026-04-02,vaa,defensive,SHY:1.0000,0.0545
2026-04-02,paa,defensive,DBC:0.4167|SHY:0.5833,3.5913
2026-04-02,baa_g12,defensive,SHY:1.0000,3.5952
2026-04-02,baa_g4,defensive,SHY:1.0000,0.0534
2026-04-02,gem,offensive,EFA:1.0000,0.2375
2026-04-02,haa,defensive,SHY:1.0000,0.0556
2026-04-02,permanent,offensive,BIL:0.2500|GLD:0.2500|SPY:0.2500|TLT:0.2500,0.1505
2026-04-02,all_weather,offensive,DBC:0.0750|GLD:0.0750|IEF:0.1500|SPY:0.3000|TLT:0.4000,3.5952
2026-04-02,golden_butterfly,offensive,GLD:0.2000|SHY:0.2000|SPY:0.2000|TLT:0.2000|VBR:0.2000,0.1143
2026-04-02,gtaa,offensive,DBC:0.2500|EFA:0.2500|IEF:0.2500|VNQ:0.2500,3.5991
2026-04-02,ivy,offensive,DBC:0.2500|EFA:0.2500|IEF:0.2500|VNQ:0.2500,3.5991
2026-04-02,faa,offensive,DBC:0.3333|SHY:0.6667,0.8998
2026-04-02,eaa,offensive,DBC:0.9786|EEM:0.0032|GLD:0.0182,0.8998
2026-04-02,laa,offensive,GLD:0.2500|IEF:0.2500|IWD:0.2500|QQQ:0.2500,0.1266
2026-04-03,daa,defensive,SHY:1.0000,3.7542
2026-04-03,vaa,defensive,SHY:1.0000,0.0926
2026-04-03,paa,defensive,DBC:0.4167|SHY:0.5833,3.7542
2026-04-03,baa_g12,defensive,SHY:1.0000,3.7542
2026-04-03,baa_g4,defensive,SHY:1.0000,0.0926
2026-04-03,gem,offensive,EFA:1.0000,0.2401
2026-04-03,haa,defensive,SHY:1.0000,0.0926
2026-04-03,permanent,offensive,BIL:0.2500|GLD:0.2500|SPY:0.2500|TLT:0.2500,0.1614
2026-04-03,all_weather,offensive,DBC:0.0750|GLD:0.0750|IEF:0.1500|SPY:0.3000|TLT:0.4000,3.7542
2026-04-03,golden_butterfly,offensive,GLD:0.2000|SHY:0.2000|SPY:0.2000|TLT:0.2000|VBR:0.2000,0.1614
2026-04-03,gtaa,offensive,DBC:0.2500|EFA:0.2500|IEF:0.2500|VNQ:0.2500,3.7542
2026-04-03,ivy,offensive,DBC:0.2000|EFA:0.2000|IEF:0.2000|VNQ:0.2000|VTI:0.2000,3.7542
2026-04-03,faa,offensive,DBC:0.3333|SHY:0.6667,0.9386
2026-04-03,eaa,offensive,DBC:0.9641|EEM:0.0122|GLD:0.0237,0.9386
2026-04-03,laa,offensive,GLD:0.2500|IEF:0.2500|IWD:0.2500|QQQ:0.2500,0.1614
2026-04-06,daa,defensive,SHY:1.0000,3.6487
2026-04-06,vaa,defensive,SHY:1.0000,0.4116
2026-04-06,paa,offensive,DBC:0.5833|SHY:0.4167,3.6448
2026-04-06,baa_g12,defensive,SHY:1.0000,3.6448
2026-04-06,baa_g4,defensive,SHY:1.0000,0.4065
2026-04-06,gem,offensive,EFA:1.0000,0.2428
2026-04-06,haa,defensive,SHY:1.0000,0.4099
2026-04-06,permanent,offensive,BIL:0.2500|GLD:0.2500|SPY:0.2500|TLT:0.2500,0.2472
2026-04-06,all_weather,offensive,DBC:0.0750|GLD:0.0750|IEF:0.1500|SPY:0.3000|TLT:0.4000,3.6448
2026-04-06,golden_butterfly,offensive,GLD:0.2000|SHY:0.2000|SPY:0.2000|TLT:0.2000|VBR:0.2000,0.2514
2026-04-06,gtaa,offensive,DBC:0.2000|EFA:0.2000|IEF:0.2000|SPY:0.2000|VNQ:0.2000,3.6410
2026-04-06,ivy,offensive,DBC:0.2000|EFA:0.2000|IEF:0.2000|VNQ:0.2000|VTI:0.2000,3.6410
2026-04-06,faa,offensive,DBC:0.3333|SHY:0.6667,0.9064
2026-04-06,eaa,offensive,DBC:0.8997|EEM:0.0532|EFA:0.0471,0.9083
2026-04-06,laa,offensive,GLD:0.2500|IEF:0.2500|IWD:0.2500|QQQ:0.2500,0.2548
2026-04-06,daa,defensive,SHY:1.0000,3.6333
2026-04-06,vaa,defensive,SHY:1.0000,0.4184
2026-04-06,paa,offensive,DBC:0.5833|SHY:0.4167,3.6333
2026-04-06,baa_g12,defensive,SHY:1.0000,3.6333
2026-04-06,baa_g4,defensive,SHY:1.0000,0.4201
2026-04-06,gem,offensive,EFA:1.0000,0.2431
2026-04-06,haa,defensive,SHY:1.0000,0.4150
2026-04-06,permanent,offensive,BIL:0.2500|GLD:0.2500|SPY:0.2500|TLT:0.2500,0.2445
2026-04-06,all_weather,offensive,DBC:0.0750|GLD:0.0750|IEF:0.1500|SPY:0.3000|TLT:0.4000,3.6410
2026-04-06,golden_butterfly,offensive,GLD:0.2000|SHY:0.2000|SPY:0.2000|TLT:0.2000|VBR:0.2000,0.2485
2026-04-06,gtaa,offensive,DBC:0.2000|EFA:0.2000|IEF:0.2000|SPY:0.2000|VNQ:0.2000,3.6410
2026-04-06,ivy,offensive,DBC:0.2000|EFA:0.2000|IEF:0.2000|VNQ:0.2000|VTI:0.2000,3.6487
2026-04-06,faa,offensive,DBC:0.3333|SHY:0.6667,0.9122
2026-04-06,eaa,offensive,DBC:0.9017|EEM:0.0520|EFA:0.0463,0.9131
2026-04-06,laa,offensive,GLD:0.2500|IEF:0.2500|IWD:0.2500|QQQ:0.2500,0.2571
2026-04-07,daa,defensive,SHY:1.0000,3.1765
2026-04-07,vaa,defensive,SHY:1.0000,0.3603
2026-04-07,paa,offensive,DBC:0.5000|SHY:0.5000,3.1652
2026-04-07,baa_g12,defensive,SHY:1.0000,3.1878
2026-04-07,baa_g4,defensive,SHY:1.0000,0.3586
2026-04-07,gem,offensive,EFA:1.0000,0.2568
2026-04-07,haa,defensive,SHY:1.0000,0.3586
2026-04-07,permanent,offensive,BIL:0.2500|GLD:0.2500|SPY:0.2500|TLT:0.2500,0.1489
2026-04-07,all_weather,offensive,DBC:0.0750|GLD:0.0750|IEF:0.1500|SPY:0.3000|TLT:0.4000,3.2028
2026-04-07,golden_butterfly,offensive,GLD:0.2000|SHY:0.2000|SPY:0.2000|TLT:0.2000|VBR:0.2000,0.4660
2026-04-07,gtaa,offensive,DBC:0.2500|EFA:0.2500|IEF:0.2500|VNQ:0.2500,3.2103
2026-04-07,ivy,offensive,DBC:0.2000|EFA:0.2000|IEF:0.2000|VNQ:0.2000|VTI:0.2000,3.2103
2026-04-07,faa,offensive,DBC:0.3333|SHY:0.6667,0.8026
2026-04-07,eaa,offensive,DBC:0.9196|EEM:0.0492|EFA:0.0312,0.8026
2026-04-07,laa,offensive,GLD:0.2500|IEF:0.2500|IWD:0.2500|QQQ:0.2500,0.3373
2026-04-07,daa,defensive,SHY:1.0000,3.2103
2026-04-07,vaa,defensive,SHY:1.0000,0.3450
2026-04-07,paa,offensive,DBC:0.5000|SHY:0.5000,3.2103
2026-04-07,baa_g12,defensive,SHY:1.0000,3.2178
2026-04-07,baa_g4,defensive,SHY:1.0000,0.3484
2026-04-07,gem,offensive,EFA:1.0000,0.2561
2026-04-07,haa,defensive,SHY:1.0000,0.3447
2026-04-07,permanent,offensive,BIL:0.2500|GLD:0.2500|SPY:0.2500|TLT:0.2500,0.1471
2026-04-07,all_weather,offensive,DBC:0.0750|GLD:0.0750|IEF:0.1500|SPY:0.3000|TLT:0.4000,3.2178
2026-04-07,golden_butterfly,offensive,GLD:0.2000|SHY:0.2000|SPY:0.2000|TLT:0.2000|VBR:0.2000,0.4606
2026-04-07,gtaa,offensive,DBC:0.2500|EFA:0.2500|IEF:0.2500|VNQ:0.2500,3.2178
2026-04-07,ivy,offensive,DBC:0.2000|EFA:0.2000|IEF:0.2000|VNQ:0.2000|VTI:0.2000,3.2178
2026-04-07,faa,offensive,DBC:0.3333|SHY:0.6667,0.8016
2026-04-07,eaa,offensive,DBC:0.9143|EEM:0.0519|EFA:0.0338,0.8016
2026-04-07,laa,offensive,GLD:0.2500|IEF:0.2500|IWD:0.2500|QQQ:0.2500,0.3597
2026-04-08,daa,offensive,DBC:0.5000|EWJ:0.5000,2.2384
2026-04-08,vaa,offensive,EEM:1.0000,1.5267
2026-04-08,paa,offensive,DBC:0.8333|SHY:0.1667,2.2384
2026-04-08,baa_g12,offensive,DBC:1.0000,2.2384
2026-04-08,baa_g4,offensive,EEM:1.0000,1.5503
2026-04-08,gem,offensive,EFA:1.0000,0.4185
2026-04-08,haa,offensive,EEM:1.0000,1.5503
2026-04-08,permanent,offensive,BIL:0.2500|GLD:0.2500|SPY:0.2500|TLT:0.2500,0.4662
2026-04-08,all_weather,offensive,DBC:0.0750|GLD:0.0750|IEF:0.1500|SPY:0.3000|TLT:0.4000,2.2384
2026-04-08,golden_butterfly,offensive,GLD:0.2000|SHY:0.2000|SPY:0.2000|TLT:0.2000|VBR:0.2000,0.7670
2026-04-08,gtaa,offensive,DBC:0.2000|EFA:0.2000|IEF:0.2000|SPY:0.2000|VNQ:0.2000,2.1967
2026-04-08,ivy,offensive,DBC:0.2000|EFA:0.2000|IEF:0.2000|VNQ:0.2000|VTI:0.2000,2.1967
2026-04-08,faa,offensive,DBC:0.3333|EEM:0.3333|VNQ:0.3333,0.5492
2026-04-08,eaa,offensive,DBC:0.6051|EEM:0.2052|EFA:0.1897,0.5492
2026-04-08,laa,offensive,GLD:0.2500|IEF:0.2500|IWD:0.2500|QQQ:0.2500,0.7144
2026-04-09,daa,offensive,DBC:0.5000|EEM:0.5000,2.5377
2026-04-09,vaa,offensive,EEM:1.0000,1.3870
2026-04-09,paa,offensive,DBC:0.9167|SHY:0.0833,2.5377
2026-04-09,baa_g12,offensive,DBC:1.0000,2.5678
2026-04-09,baa_g4,offensive,EEM:1.0000,1.3904
2026-04-09,gem,offensive,EFA:1.0000,0.4439
2026-04-09,haa,offensive,EEM:1.0000,1.3904
2026-04-09,permanent,offensive,BIL:0.2500|GLD:0.2500|SPY:0.2500|TLT:0.2500,0.4261
2026-04-09,all_weather,offensive,DBC:0.0750|GLD:0.0750|IEF:0.1500|SPY:0.3000|TLT:0.4000,2.5678
2026-04-09,golden_butterfly,offensive,GLD:0.2000|SHY:0.2000|SPY:0.2000|TLT:0.2000|VBR:0.2000,1.1808
2026-04-09,gtaa,offensive,DBC:0.2000|EFA:0.2000|IEF:0.2000|SPY:0.2000|VNQ:0.2000,2.5527
2026-04-09,ivy,offensive,DBC:0.2000|EFA:0.2000|IEF:0.2000|VNQ:0.2000|VTI:0.2000,2.5527
2026-04-09,faa,offensive,DBC:0.3333|SHY:0.3333|VNQ:0.3333,0.6382
2026-04-09,eaa,offensive,DBC:0.6496|EEM:0.1807|EFA:0.1697,0.6382
2026-04-09,laa,offensive,GLD:0.2500|IEF:0.2500|IWD:0.2500|QQQ:0.2500,1.0585
2026-04-10,daa,offensive,DBC:0.5000|EEM:0.5000,2.3874
2026-04-10,vaa,offensive,EEM:1.0000,1.4738
2026-04-10,paa,offensive,DBC:0.9167|SHY:0.0833,2.3725
2026-04-10,baa_g12,offensive,DBC:1.0000,2.3782
2026-04-10,baa_g4,offensive,EEM:1.0000,1.4749
2026-04-10,gem,offensive,EFA:1.0000,0.4484
2026-04-10,haa,offensive,EEM:1.0000,1.4805
2026-04-10,permanent,offensive,BIL:0.2500|GLD:0.2500|SPY:0.2500|TLT:0.2500,0.4727
2026-04-10,all_weather,offensive,DBC:0.0750|GLD:0.0750|IEF:0.1500|SPY:0.3000|TLT:0.4000,2.3782
2026-04-10,golden_butterfly,offensive,GLD:0.2000|SHY:0.2000|SPY:0.2000|TLT:0.2000|VBR:0.2000,1.0598
2026-04-10,gtaa,offensive,DBC:0.2000|EFA:0.2000|IEF:0.2000|SPY:0.2000|VNQ:0.2000,2.3782
2026-04-10,ivy,offensive,DBC:0.2000|EFA:0.2000|IEF:0.2000|VNQ:0.2000|VTI:0.2000,2.3782
2026-04-10,faa,offensive,DBC:0.3333|EEM:0.3333|VNQ:0.3333,0.5946
2026-04-10,eaa,offensive,DBC:0.6328|EEM:0.1950|EFA:0.1723,0.5946
2026-04-10,laa,offensive,GLD:0.2500|IEF:0.2500|IWD:0.2500|QQQ:0.2500,0.9655
2026-04-13,daa,offensive,DBC:0.5000|EEM:0.5000,2.2977
2026-04-13,vaa,offensive,EEM:1.0000,1.7907
2026-04-13,paa,offensive,DBC:0.9167|SHY:0.0833,2.3198
2026-04-13,baa_g12,offensive,DBC:1.0000,2.3426
2026-04-13,baa_g4,offensive,EEM:1.0000,1.8216
2026-04-13,gem,offensive,EFA:1.0000,0.3475
2026-04-13,haa,offensive,EEM:1.0000,1.8147
2026-04-13,permanent,offensive,BIL:0.2500|GLD:0.2500|SPY:0.2500|TLT:0.2500,0.5511
2026-04-13,all_weather,offensive,DBC:0.0750|GLD:0.0750|IEF:0.1500|SPY:0.3000|TLT:0.4000,2.3235
2026-04-13,golden_butterfly,offensive,GLD:0.2000|SHY:0.2000|SPY:0.2000|TLT:0.2000|VBR:0.2000,1.2060
2026-04-13,gtaa,offensive,DBC:0.2000|EFA:0.2000|IEF:0.2000|SPY:0.2000|VNQ:0.2000,2.3235
2026-04-13,ivy,offensive,DBC:0.2000|EFA:0.2000|IEF:0.2000|VNQ:0.2000|VTI:0.2000,2.3417
2026-04-13,faa,offensive,DBC:0.3333|SHY:0.3333|VNQ:0.3333,0.5854
2026-04-13,eaa,offensive,DBC:0.5587|EEM:0.2334|EFA:0.2079,0.5854
2026-04-13,laa,offensive,GLD:0.2500|IEF:0.2500|IWD:0.2500|QQQ:0.2500,1.0422
2026-04-14,daa,offensive,DBC:0.5000|EEM:0.5000,2.3742
2026-04-14,vaa,offensive,EEM:1.0000,2.3776
2026-04-14,paa,offensive,EEM:1.0000,2.3794
2026-04-14,baa_g12,offensive,EEM:1.0000,2.3776
2026-04-14,baa_g4,offensive,EEM:1.0000,2.3742
2026-04-14,gem,offensive,EFA:1.0000,0.3928
2026-04-14,haa,offensive,EEM:1.0000,2.3742
2026-04-14,permanent,offensive,BIL:0.2500|GLD:0.2500|SPY:0.2500|TLT:0.2500,1.0730
2026-04-14,all_weather,offensive,DBC:0.0750|GLD:0.0750|IEF:0.1500|SPY:0.3000|TLT:0.4000,2.1094
2026-04-14,golden_butterfly,offensive,GLD:0.2000|SHY:0.2000|SPY:0.2000|TLT:0.2000|VBR:0.2000,1.5573
2026-04-14,gtaa,offensive,DBC:0.2000|EFA:0.2000|IEF:0.2000|SPY:0.2000|VNQ:0.2000,2.1094
2026-04-14,ivy,offensive,DBC:0.2000|EFA:0.2000|IEF:0.2000|VNQ:0.2000|VTI:0.2000,2.1094
2026-04-14,faa,offensive,DBC:0.3333|EEM:0.3333|SPY:0.3333,0.5931
2026-04-14,eaa,offensive,DBC:0.4621|EEM:0.2774|EFA:0.2605,0.5935
2026-04-14,laa,offensive,GLD:0.2500|IEF:0.2500|IWD:0.2500|QQQ:0.2500,1.3046
2026-04-15,daa,offensive,DBC:0.5000|EEM:0.5000,2.3671
2026-04-15,vaa,offensive,EEM:1.0000,1.9928
2026-04-15,paa,offensive,DBC:1.0000,2.3597
2026-04-15,baa_g12,offensive,DBC:1.0000,2.3487
2026-04-15,baa_g4,offensive,EEM:1.0000,1.9928
2026-04-15,gem,offensive,EFA:1.0000,0.3536
2026-04-15,haa,offensive,EEM:1.0000,1.9895
2026-04-15,permanent,offensive,BIL:0.2500|GLD:0.2500|SPY:0.2500|TLT:0.2500,1.0118
2026-04-15,all_weather,offensive,DBC:0.0750|GLD:0.0750|IEF:0.1500|SPY:0.3000|TLT:0.4000,2.3560
2026-04-15,golden_butterfly,offensive,GLD:0.2000|SHY:0.2000|SPY:0.2000|TLT:0.2000|VBR:0.2000,1.3619
2026-04-15,gtaa,offensive,DBC:0.2000|EFA:0.2000|IEF:0.2000|SPY:0.2000|VNQ:0.2000,2.3560
2026-04-15,ivy,offensive,DBC:0.2000|EFA:0.2000|IEF:0.2000|VNQ:0.2000|VTI:0.2000,2.3634
2026-04-15,faa,offensive,DBC:0.3333|EEM:0.3333|SPY:0.3333,0.5908
2026-04-15,eaa,offensive,DBC:0.5369|EEM:0.2425|SPY:0.2206,0.5908
2026-04-15,laa,offensive,GLD:0.2500|IEF:0.2500|IWD:0.2500|QQQ:0.2500,1.2189
2026-04-16,daa,offensive,DBC:0.5000|EEM:0.5000,2.3976
2026-04-16,vaa,offensive,EEM:1.0000,2.0028
2026-04-16,paa,offensive,DBC:0.9167|SHY:0.0833,2.3976
2026-04-16,baa_g12,offensive,DBC:1.0000,2.3976
2026-04-16,baa_g4,offensive,EEM:1.0000,1.9961
2026-04-16,gem,offensive,EFA:1.0000,0.3338
2026-04-16,haa,offensive,EEM:1.0000,1.9961
2026-04-16,permanent,offensive,BIL:0.2500|GLD:0.2500|SPY:0.2500|TLT:0.2500,1.0915
2026-04-16,all_weather,offensive,DBC:0.0750|GLD:0.0750|IEF:0.1500|SPY:0.3000|TLT:0.4000,2.3940
2026-04-16,golden_butterfly,offensive,GLD:0.2000|SHY:0.2000|SPY:0.2000|TLT:0.2000|VBR:0.2000,1.2835
2026-04-16,gtaa,offensive,DBC:0.2000|EFA:0.2000|IEF:0.2000|SPY:0.2000|VNQ:0.2000,2.3940
2026-04-16,ivy,offensive,DBC:0.2000|EFA:0.2000|IEF:0.2000|VNQ:0.2000|VTI:0.2000,2.3976
2026-04-16,faa,offensive,DBC:0.3333|SHY:0.3333|SPY:0.3333,0.5994
2026-04-16,eaa,offensive,DBC:0.5266|EEM:0.2384|SPY:0.2349,0.5994
2026-04-16,laa,offensive,GLD:0.2500|IEF:0.2500|IWD:0.2500|QQQ:0.2500,1.4470
2026-04-17,daa,offensive,EEM:0.5000|IWM:0.5000,2.6707
2026-04-17,vaa,offensive,EEM:1.0000,2.6758
2026-04-17,paa,offensive,EEM:1.0000,2.6775
2026-04-17,baa_g12,offensive,EEM:1.0000,2.6877
2026-04-17,baa_g4,offensive,EEM:1.0000,2.6928
2026-04-17,gem,offensive,EFA:1.0000,0.3477
2026-04-17,haa,offensive,EEM:1.0000,2.6860
2026-04-17,permanent,offensive,BIL:0.2500|GLD:0.2500|SPY:0.2500|TLT:0.2500,1.5679
2026-04-17,all_weather,offensive,DBC:0.0750|GLD:0.0750|IEF:0.1500|SPY:0.3000|TLT:0.4000,1.5699
2026-04-17,golden_butterfly,offensive,GLD:0.2000|SHY:0.2000|SPY:0.2000|TLT:0.2000|VBR:0.2000,1.8536
2026-04-17,gtaa,offensive,DBC:0.2000|EFA:0.2000|IEF:0.2000|SPY:0.2000|VNQ:0.2000,1.8483
2026-04-17,ivy,offensive,DBC:0.2000|EFA:0.2000|IEF:0.2000|VNQ:0.2000|VTI:0.2000,1.8493
2026-04-17,faa,offensive,DBC:0.3333|EEM:0.3333|SPY:0.3333,0.6702
2026-04-17,eaa,offensive,EEM:0.3260|SPY:0.3437|VNQ:0.3303,0.6698
2026-04-17,laa,offensive,GLD:0.2500|IEF:0.2500|IWD:0.2500|QQQ:0.2500,1.8937
2026-04-20,daa,offensive,EEM:0.5000|IWM:0.5000,2.3845
2026-04-20,vaa,offensive,EEM:1.0000,2.3878
2026-04-20,paa,offensive,EEM:0.9167|SHY:0.0833,2.3827
2026-04-20,baa_g12,offensive,EEM:1.0000,2.3878
2026-04-20,baa_g4,offensive,EEM:1.0000,2.3980
2026-04-20,gem,offensive,SPY:1.0000,0.3620
2026-04-20,haa,offensive,EEM:1.0000,2.3997
2026-04-20,permanent,offensive,BIL:0.2500|GLD:0.2500|SPY:0.2500|TLT:0.2500,1.5284
2026-04-20,all_weather,offensive,DBC:0.0750|GLD:0.0750|IEF:0.1500|SPY:0.3000|TLT:0.4000,2.0323
2026-04-20,golden_butterfly,offensive,GLD:0.2000|SHY:0.2000|SPY:0.2000|TLT:0.2000|VBR:0.2000,1.8431
2026-04-20,gtaa,offensive,DBC:0.2000|EFA:0.2000|IEF:0.2000|SPY:0.2000|VNQ:0.2000,2.0323
2026-04-20,ivy,offensive,DBC:0.2000|EFA:0.2000|IEF:0.2000|VNQ:0.2000|VTI:0.2000,2.0323
2026-04-20,faa,offensive,DBC:0.3333|EEM:0.3333|SPY:0.3333,0.6003
2026-04-20,eaa,offensive,DBC:0.4067|SPY:0.2976|VNQ:0.2957,0.5999
2026-04-20,laa,offensive,GLD:0.2500|IEF:0.2500|IWD:0.2500|QQQ:0.2500,1.8553
2026-04-21,daa,offensive,EEM:0.5000|IWM:0.5000,2.8113
2026-04-21,vaa,offensive,EEM:1.0000,2.7957
2026-04-21,paa,offensive,EEM:1.0000,2.7922
2026-04-21,baa_g12,offensive,EEM:1.0000,2.7887
2026-04-21,baa_g4,offensive,EEM:1.0000,2.7800
2026-04-21,gem,offensive,SPY:1.0000,0.3575
2026-04-21,haa,offensive,EEM:1.0000,2.7818
2026-04-21,permanent,offensive,BIL:0.2500|GLD:0.2500|SPY:0.2500|TLT:0.2500,1.7486
2026-04-21,all_weather,offensive,DBC:0.0750|GLD:0.0750|IEF:0.1500|SPY:0.3000|TLT:0.4000,2.0819
2026-04-21,golden_butterfly,offensive,GLD:0.2000|SHY:0.2000|SPY:0.2000|TLT:0.2000|VBR:0.2000,2.1173
2026-04-21,gtaa,offensive,DBC:0.2000|EFA:0.2000|IEF:0.2000|SPY:0.2000|VNQ:0.2000,2.0819
2026-04-21,ivy,offensive,DBC:0.2000|EFA:0.2000|IEF:0.2000|VNQ:0.2000|VTI:0.2000,2.0819
2026-04-21,faa,offensive,DBC:0.3333|EEM:0.3333|SPY:0.3333,0.6950
2026-04-21,eaa,offensive,DBC:0.3792|SPY:0.3083|VNQ:0.3125,0.6954
2026-04-21,laa,offensive,GLD:0.2500|IEF:0.2500|IWD:0.2500|QQQ:0.2500,2.1987
2026-04-22,daa,offensive,DBC:0.5000|EEM:0.5000,2.9201
2026-04-22,vaa,offensive,EEM:1.0000,2.4445
2026-04-22,paa,offensive,DBC:1.0000,2.9238
2026-04-22,baa_g12,offensive,DBC:1.0000,2.9238
2026-04-22,baa_g4,offensive,EEM:1.0000,2.4465
2026-04-22,gem,offensive,SPY:1.0000,0.3964
2026-04-22,haa,offensive,EEM:1.0000,2.4462
2026-04-22,permanent,offensive,BIL:0.2500|GLD:0.2500|SPY:0.2500|TLT:0.2500,1.6667
2026-04-22,all_weather,offensive,DBC:0.0750|GLD:0.0750|IEF:0.1500|SPY:0.3000|TLT:0.4000,2.9238
2026-04-22,golden_butterfly,offensive,GLD:0.2000|SHY:0.2000|SPY:0.2000|TLT:0.2000|VBR:0.2000,1.6685
2026-04-22,gtaa,offensive,DBC:0.2000|EFA:0.2000|IEF:0.2000|SPY:0.2000|VNQ:0.2000,2.9238
2026-04-22,ivy,offensive,DBC:0.2000|EFA:0.2000|IEF:0.2000|VNQ:0.2000|VTI:0.2000,2.9275
2026-04-22,faa,offensive,DBC:0.3333|EEM:0.3333|SPY:0.3333,0.7319
2026-04-22,eaa,offensive,DBC:0.4944|SPY:0.2749|VNQ:0.2307,0.7319
2026-04-22,laa,offensive,GLD:0.2500|IEF:0.2500|IWD:0.2500|QQQ:0.2500,2.2183
2026-04-23,daa,offensive,DBC:0.5000|EEM:0.5000,2.8252
2026-04-23,vaa,offensive,EEM:1.0000,2.4875
2026-04-23,paa,offensive,DBC:1.0000,2.8252
2026-04-23,baa_g12,offensive,DBC:1.0000,2.8252
2026-04-23,baa_g4,offensive,EEM:1.0000,2.4875
2026-04-23,gem,offensive,SPY:1.0000,0.3639
2026-04-23,haa,offensive,EEM:1.0000,2.4908
2026-04-23,permanent,offensive,BIL:0.2500|GLD:0.2500|SPY:0.2500|TLT:0.2500,1.6954
2026-04-23,all_weather,offensive,DBC:0.0750|GLD:0.0750|IEF:0.1500|SPY:0.3000|TLT:0.4000,2.8252
2026-04-23,golden_butterfly,offensive,GLD:0.2000|SHY:0.2000|SPY:0.2000|TLT:0.2000|VBR:0.2000,1.6969
2026-04-23,gtaa,offensive,DBC:0.2000|EFA:0.2000|IEF:0.2000|SPY:0.2000|VNQ:0.2000,2.8252
2026-04-23,ivy,offensive,DBC:0.2000|EFA:0.2000|IEF:0.2000|VNQ:0.2000|VTI:0.2000,2.8252
2026-04-23,faa,offensive,DBC:0.3333|SPY:0.3333|VNQ:0.3333,0.7293
2026-04-23,eaa,offensive,DBC:0.4694|SPY:0.2667|VNQ:0.2640,0.7293
2026-04-23,laa,offensive,GLD:0.2500|IEF:0.2500|IWD:0.2500|QQQ:0.2500,2.2856
2026-04-24,daa,offensive,DBC:0.5000|EEM:0.5000,2.7772
2026-04-24,vaa,offensive,EEM:1.0000,2.5473
2026-04-24,paa,offensive,DBC:0.9167|SHY:0.0833,2.7808
2026-04-24,baa_g12,offensive,DBC:1.0000,2.7808
2026-04-24,baa_g4,offensive,EEM:1.0000,2.5422
2026-04-24,gem,offensive,SPY:1.0000,0.3481
2026-04-24,haa,offensive,EEM:1.0000,2.5405
2026-04-24,permanent,offensive,BIL:0.2500|GLD:0.2500|SPY:0.2500|TLT:0.2500,1.6890
2026-04-24,all_weather,offensive,DBC:0.0750|GLD:0.0750|IEF:0.1500|SPY:0.3000|TLT:0.4000,2.7816
2026-04-24,golden_butterfly,offensive,GLD:0.2000|SHY:0.2000|SPY:0.2000|TLT:0.2000|VBR:0.2000,1.6888
2026-04-24,gtaa,offensive,DBC:0.2000|EFA:0.2000|IEF:0.2000|SPY:0.2000|VNQ:0.2000,2.7816
2026-04-24,ivy,offensive,DBC:0.2000|EFA:0.2000|IEF:0.2000|VNQ:0.2000|VTI:0.2000,2.7816
2026-04-24,faa,offensive,DBC:0.3333|SPY:0.3333|VNQ:0.3333,0.6954
2026-04-24,eaa,offensive,DBC:0.4512|SPY:0.2713|VNQ:0.2775,0.6954
2026-04-24,laa,offensive,GLD:0.2500|IEF:0.2500|IWD:0.2500|QQQ:0.2500,2.4798
2026-04-27,daa,offensive,DBC:0.5000|EEM:0.5000,2.9030
2026-04-27,vaa,offensive,EEM:1.0000,2.9064
2026-04-27,paa,offensive,EEM:0.9167|IEF:0.0833,2.9081
2026-04-27,baa_g12,offensive,EEM:1.0000,2.9098
2026-04-27,baa_g4,offensive,EEM:1.0000,2.9099
2026-04-27,gem,offensive,SPY:1.0000,0.3213
2026-04-27,haa,offensive,EEM:1.0000,2.9098
2026-04-27,permanent,offensive,BIL:0.2500|GLD:0.2500|SPY:0.2500|TLT:0.2500,1.8798
2026-04-27,all_weather,offensive,DBC:0.0750|GLD:0.0750|IEF:0.1500|SPY:0.3000|TLT:0.4000,2.8628
2026-04-27,golden_butterfly,offensive,GLD:0.2000|SHY:0.2000|SPY:0.2000|TLT:0.2000|VBR:0.2000,1.8794
2026-04-27,gtaa,offensive,DBC:0.2000|EFA:0.2000|IEF:0.2000|SPY:0.2000|VNQ:0.2000,2.8628
2026-04-27,ivy,offensive,DBC:0.2000|EFA:0.2000|IEF:0.2000|VNQ:0.2000|VTI:0.2000,2.8628
2026-04-27,faa,offensive,DBC:0.3333|EEM:0.3333|SPY:0.3333,0.7262
2026-04-27,eaa,offensive,DBC:0.4502|SPY:0.2977|VNQ:0.2521,0.7266
2026-04-27,laa,offensive,GLD:0.2500|IEF:0.2500|IWD:0.2500|QQQ:0.2500,2.7199
2026-04-28,daa,offensive,EEM:0.5000|QQQ:0.5000,2.6489
2026-04-28,vaa,offensive,EEM:1.0000,2.5870
2026-04-28,paa,offensive,QQQ:1.0000,2.6538
2026-04-28,baa_g12,offensive,QQQ:1.0000,2.6586
2026-04-28,baa_g4,offensive,EEM:1.0000,2.5990
2026-04-28,gem,offensive,SPY:1.0000,0.3040
2026-04-28,haa,offensive,EEM:1.0000,2.6007
2026-04-28,permanent,offensive,BIL:0.2500|GLD:0.2500|SPY:0.2500|TLT:0.2500,1.9396
2026-04-28,all_weather,offensive,DBC:0.0750|GLD:0.0750|IEF:0.1500|SPY:0.3000|TLT:0.4000,2.5689
2026-04-28,golden_butterfly,offensive,GLD:0.2000|SHY:0.2000|SPY:0.2000|TLT:0.2000|VBR:0.2000,1.9420
2026-04-28,gtaa,offensive,DBC:0.2000|EFA:0.2000|IEF:0.2000|SPY:0.2000|VNQ:0.2000,2.5761
2026-04-28,ivy,offensive,DBC:0.2000|EFA:0.2000|IEF:0.2000|VNQ:0.2000|VTI:0.2000,2.5725
2026-04-28,faa,offensive,DBC:0.3333|EEM:0.3333|SPY:0.3333,0.6506
2026-04-28,eaa,offensive,DBC:0.4087|SPY:0.3083|VNQ:0.2830,0.6502
2026-04-28,laa,offensive,GLD:0.2500|IEF:0.2500|IWD:0.2500|QQQ:0.2500,2.6552
2026-04-29,daa,offensive,DBC:0.5000|QQQ:0.5000,3.0022
2026-04-29,vaa,offensive,EEM:1.0000,2.6309
2026-04-29,paa,offensive,DBC:0.9167|SHY:0.0833,2.9986
2026-04-29,baa_g12,offensive,DBC:1.0000,2.9951
2026-04-29,baa_g4,offensive,EEM:1.0000,2.6292
2026-04-29,gem,offensive,SPY:1.0000,0.3026
2026-04-29,haa,offensive,EEM:1.0000,2.6188
2026-04-29,permanent,offensive,BIL:0.2500|GLD:0.2500|SPY:0.2500|TLT:0.2500,1.9444
2026-04-29,all_weather,offensive,DBC:0.0750|GLD:0.0750|IEF:0.1500|SPY:0.3000|TLT:0.4000,3.0057
2026-04-29,golden_butterfly,offensive,GLD:0.2000|SHY:0.2000|SPY:0.2000|TLT:0.2000|VBR:0.2000,1.9479
2026-04-29,gtaa,offensive,DBC:0.2000|EFA:0.2000|IEF:0.2000|SPY:0.2000|VNQ:0.2000,3.0057
2026-04-29,ivy,offensive,DBC:0.2000|EFA:0.2000|IEF:0.2000|VNQ:0.2000|VTI:0.2000,3.0057
2026-04-29,faa,offensive,DBC:0.3333|SHY:0.3333|SPY:0.3333,0.7514
2026-04-29,eaa,offensive,DBC:0.4508|SPY:0.2925|VNQ:0.2567,0.7514
2026-04-29,laa,offensive,GLD:0.2500|IEF:0.2500|IWD:0.2500|QQQ:0.2500,2.8002
2026-04-30,daa,offensive,DBC:0.5000|QQQ:0.5000,3.1203
2026-04-30,vaa,offensive,EEM:1.0000,2.3576
2026-04-30,paa,offensive,DBC:0.8333|SHY:0.1667,3.1203
2026-04-30,baa_g12,offensive,DBC:1.0000,3.1203
2026-04-30,baa_g4,offensive,EEM:1.0000,2.3576
2026-04-30,gem,offensive,SPY:1.0000,0.3029
2026-04-30,haa,offensive,EEM:1.0000,2.3508
2026-04-30,permanent,offensive,BIL:0.2500|GLD:0.2500|SPY:0.2500|TLT:0.2500,1.6931
2026-04-30,all_weather,offensive,DBC:0.0750|GLD:0.0750|IEF:0.1500|SPY:0.3000|TLT:0.4000,3.1131
2026-04-30,golden_butterfly,offensive,GLD:0.2000|SHY:0.2000|SPY:0.2000|TLT:0.2000|VBR:0.2000,1.6929
2026-04-30,gtaa,offensive,DBC:0.2000|EFA:0.2000|IEF:0.2000|SPY:0.2000|VNQ:0.2000,3.1131
2026-04-30,ivy,offensive,DBC:0.2000|EFA:0.2000|IEF:0.2000|VNQ:0.2000|VTI:0.2000,3.1131
2026-04-30,faa,offensive,DBC:0.3333|SHY:0.3333|SPY:0.3333,0.7783
2026-04-30,eaa,offensive,DBC:0.4854|SPY:0.2666|VNQ:0.2480,0.7747
2026-04-30,laa,offensive,GLD:0.2500|IEF:0.2500|IWD:0.2500|QQQ:0.2500,2.4852
2026-05-01,daa,offensive,DBC:0.5000|QQQ:0.5000,3.3285
2026-05-01,vaa,offensive,EEM:1.0000,2.6260
2026-05-01,paa,offensive,DBC:0.9167|SHY:0.0833,3.3249
2026-05-01,baa_g12,offensive,DBC:1.0000,3.3249
2026-05-01,baa_g4,offensive,EEM:1.0000,2.6260
2026-05-01,gem,offensive,SPY:1.0000,0.3172
2026-05-01,haa,offensive,EEM:1.0000,2.6361
2026-05-01,permanent,offensive,BIL:0.2500|GLD:0.2500|SPY:0.2500|TLT:0.2500,1.8407
2026-05-01,all_weather,offensive,DBC:0.0750|GLD:0.0750|IEF:0.1500|SPY:0.3000|TLT:0.4000,3.3104
2026-05-01,golden_butterfly,offensive,GLD:0.2000|SHY:0.2000|SPY:0.2000|TLT:0.2000|VBR:0.2000,1.8394
2026-05-01,gtaa,offensive,DBC:0.2000|EFA:0.2000|IEF:0.2000|SPY:0.2000|VNQ:0.2000,3.3104
2026-05-01,ivy,offensive,DBC:0.2000|EFA:0.2000|IEF:0.2000|VNQ:0.2000|VTI:0.2000,3.3104
2026-05-01,faa,offensive,DBC:0.3333|SHY:0.3333|SPY:0.3333,0.8276
2026-05-01,eaa,offensive,DBC:0.4872|SPY:0.2666|VNQ:0.2462,0.8276
2026-05-01,laa,offensive,GLD:0.2500|IEF:0.2500|IWD:0.2500|QQQ:0.2500,2.7183
2026-05-04,daa,defensive,SHY:1.0000,3.5991
2026-05-04,vaa,defensive,SHY:1.0000,2.7489
2026-05-04,paa,offensive,DBC:0.8333|SHY:0.1667,3.5991
2026-05-04,baa_g12,offensive,DBC:1.0000,3.5991
2026-05-04,baa_g4,offensive,EEM:1.0000,2.7455
2026-05-04,gem,offensive,SPY:1.0000,0.2993
2026-05-04,haa,offensive,EEM:1.0000,2.7455
2026-05-04,permanent,offensive,BIL:0.2500|GLD:0.2500|SPY:0.2500|TLT:0.2500,1.6845
2026-05-04,all_weather,offensive,DBC:0.0750|GLD:0.0750|IEF:0.1500|SPY:0.3000|TLT:0.4000,3.5991
2026-05-04,golden_butterfly,offensive,GLD:0.2000|SHY:0.2000|SPY:0.2000|TLT:0.2000|VBR:0.2000,1.6810
2026-05-04,gtaa,offensive,DBC:0.2500|EFA:0.2500|SPY:0.2500|VNQ:0.2500,3.6027
2026-05-04,ivy,offensive,DBC:0.2500|EFA:0.2500|VNQ:0.2500|VTI:0.2500,3.6027
2026-05-04,faa,offensive,DBC:0.3333|SHY:0.3333|SPY:0.3333,0.9007
2026-05-04,eaa,offensive,DBC:0.5406|EEM:0.2098|SPY:0.2496,0.9007
2026-05-04,laa,offensive,GLD:0.2500|IEF:0.2500|IWD:0.2500|QQQ:0.2500,2.6379
2026-05-05,daa,offensive,DBC:0.5000|EEM:0.5000,3.1798
2026-05-05,vaa,offensive,EEM:1.0000,3.0608
2026-05-05,paa,offensive,DBC:0.9167|SHY:0.0833,3.1798
2026-05-05,baa_g12,offensive,DBC:1.0000,3.1798
2026-05-05,baa_g4,offensive,EEM:1.0000,3.0625
2026-05-05,gem,offensive,SPY:1.0000,0.2913
2026-05-05,haa,offensive,EEM:1.0000,3.0642
2026-05-05,permanent,offensive,BIL:0.2500|GLD:0.2500|SPY:0.2500|TLT:0.2500,1.8098
2026-05-05,all_weather,offensive,DBC:0.0750|GLD:0.0750|IEF:0.1500|SPY:0.3000|TLT:0.4000,3.1727
2026-05-05,golden_butterfly,offensive,GLD:0.2000|SHY:0.2000|SPY:0.2000|TLT:0.2000|VBR:0.2000,1.8081
2026-05-05,gtaa,offensive,DBC:0.2000|EFA:0.2000|IEF:0.2000|SPY:0.2000|VNQ:0.2000,3.1727
2026-05-05,ivy,offensive,DBC:0.2000|EFA:0.2000|IEF:0.2000|VNQ:0.2000|VTI:0.2000,3.1727
2026-05-05,faa,offensive,DBC:0.3333|SHY:0.3333|SPY:0.3333,0.7932
2026-05-05,eaa,offensive,DBC:0.4859|EEM:0.2393|SPY:0.2747,0.7932
2026-05-05,laa,offensive,GLD:0.2500|IEF:0.2500|IWD:0.2500|QQQ:0.2500,2.8867
2026-05-06,daa,offensive,EEM:0.5000|QQQ:0.5000,3.5897
2026-05-06,vaa,offensive,EEM:1.0000,3.5846
2026-05-06,paa,offensive,EEM:0.9167|SHY:0.0833,3.5897
2026-05-06,baa_g12,offensive,EEM:1.0000,3.5956
2026-05-06,baa_g4,offensive,EEM:1.0000,3.5964
2026-05-06,gem,offensive,SPY:1.0000,0.3121
2026-05-06,haa,offensive,EEM:1.0000,3.6014
2026-05-06,permanent,offensive,BIL:0.2500|GLD:0.2500|SPY:0.2500|TLT:0.2500,2.0438
2026-05-06,all_weather,offensive,DBC:0.0750|GLD:0.0750|IEF:0.1500|SPY:0.3000|TLT:0.4000,2.6111
2026-05-06,golden_butterfly,offensive,GLD:0.2000|SHY:0.2000|SPY:0.2000|TLT:0.2000|VBR:0.2000,2.0441
2026-05-06,gtaa,offensive,DBC:0.2000|EFA:0.2000|IEF:0.2000|SPY:0.2000|VNQ:0.2000,2.5896
2026-05-06,ivy,offensive,DBC:0.2000|EFA:0.2000|IEF:0.2000|VNQ:0.2000|VTI:0.2000,2.5896
2026-05-06,faa,offensive,DBC:0.3333|EEM:0.3333|SPY:0.3333,0.8796
2026-05-06,eaa,offensive,DBC:0.4027|EEM:0.2832|SPY:0.3140,0.9046
2026-05-06,laa,offensive,GLD:0.2500|IEF:0.2500|IWD:0.2500|QQQ:0.2500,3.3059
2026-05-07,daa,offensive,DBC:0.5000|QQQ:0.5000,3.1023
2026-05-07,vaa,offensive,EEM:1.0000,2.8185
2026-05-07,paa,offensive,QQQ:0.9167|SHY:0.0833,3.0953
2026-05-07,baa_g12,offensive,QQQ:1.0000,3.1020
2026-05-07,baa_g4,offensive,EEM:1.0000,2.8103
2026-05-07,gem,offensive,SPY:1.0000,0.3242
2026-05-07,haa,offensive,EEM:1.0000,2.8070
2026-05-07,permanent,offensive,BIL:0.2500|GLD:0.2500|SPY:0.2500|TLT:0.2500,1.8208
2026-05-07,all_weather,offensive,DBC:0.0750|GLD:0.0750|IEF:0.1500|SPY:0.3000|TLT:0.4000,2.9180
2026-05-07,golden_butterfly,offensive,GLD:0.2000|SHY:0.2000|SPY:0.2000|TLT:0.2000|VBR:0.2000,1.8205
2026-05-07,gtaa,offensive,DBC:0.2000|EFA:0.2000|IEF:0.2000|SPY:0.2000|VNQ:0.2000,2.9180
2026-05-07,ivy,offensive,DBC:0.2000|EFA:0.2000|IEF:0.2000|VNQ:0.2000|VTI:0.2000,2.9180
2026-05-07,faa,offensive,DBC:0.3333|SHY:0.3333|SPY:0.3333,0.7295
2026-05-07,eaa,offensive,DBC:0.4807|EEM:0.2292|SPY:0.2901,0.7295
2026-05-07,laa,offensive,GLD:0.2500|IEF:0.2500|IWD:0.2500|QQQ:0.2500,3.0762
2026-05-08,daa,offensive,EEM:0.5000|QQQ:0.5000,3.3417
2026-05-08,vaa,offensive,EEM:1.0000,3.0609
2026-05-08,paa,offensive,QQQ:0.9167|SHY:0.0833,3.3300
2026-05-08,baa_g12,offensive,QQQ:1.0000,3.3397
2026-05-08,baa_g4,offensive,EEM:1.0000,3.0365
2026-05-08,gem,offensive,SPY:1.0000,0.3287
2026-05-08,haa,offensive,EEM:1.0000,3.0332
2026-05-08,permanent,offensive,BIL:0.2500|GLD:0.2500|SPY:0.2500|TLT:0.2500,1.8066
2026-05-08,all_weather,offensive,DBC:0.0750|GLD:0.0750|IEF:0.1500|SPY:0.3000|TLT:0.4000,3.0038
2026-05-08,golden_butterfly,offensive,GLD:0.2000|SHY:0.2000|SPY:0.2000|TLT:0.2000|VBR:0.2000,1.8064
2026-05-08,gtaa,offensive,DBC:0.2000|EFA:0.2000|IEF:0.2000|SPY:0.2000|VNQ:0.2000,3.0111
2026-05-08,ivy,offensive,DBC:0.2000|EFA:0.2000|IEF:0.2000|VNQ:0.2000|VTI:0.2000,3.0111
2026-05-08,faa,offensive,DBC:0.3333|EEM:0.3333|SPY:0.3333,0.7632
2026-05-08,eaa,offensive,DBC:0.4827|EEM:0.2398|SPY:0.2776,0.7636
2026-05-08,laa,offensive,GLD:0.2500|IEF:0.2500|IWD:0.2500|QQQ:0.2500,3.3486
2026-05-11,daa,offensive,DBC:0.5000|QQQ:0.5000,3.5322
2026-05-11,vaa,offensive,EEM:1.0000,3.0389
2026-05-11,paa,offensive,DBC:0.9167|SHY:0.0833,3.5322
2026-05-11,baa_g12,offensive,DBC:1.0000,3.5322
2026-05-11,baa_g4,offensive,EEM:1.0000,3.0389
2026-05-11,gem,offensive,SPY:1.0000,0.3248
2026-05-11,haa,offensive,EEM:1.0000,3.0373
2026-05-11,permanent,offensive,BIL:0.2500|GLD:0.2500|SPY:0.2500|TLT:0.2500,1.8939
2026-05-11,all_weather,offensive,DBC:0.0750|GLD:0.0750|IEF:0.1500|SPY:0.3000|TLT:0.4000,3.5322
2026-05-11,golden_butterfly,offensive,GLD:0.2000|SHY:0.2000|SPY:0.2000|TLT:0.2000|VBR:0.2000,1.8948
2026-05-11,gtaa,offensive,DBC:0.2000|EFA:0.2000|IEF:0.2000|SPY:0.2000|VNQ:0.2000,3.5322
2026-05-11,ivy,offensive,DBC:0.2000|EFA:0.2000|IEF:0.2000|VNQ:0.2000|VTI:0.2000,3.5322
2026-05-11,faa,offensive,DBC:0.3333|SHY:0.3333|SPY:0.3333,0.8821
2026-05-11,eaa,offensive,DBC:0.5142|EEM:0.2195|SPY:0.2663,0.8821
2026-05-11,laa,offensive,GLD:0.2500|IEF:0.2500|IWD:0.2500|QQQ:0.2500,3.4883
2026-05-12,daa,defensive,SHY:1.0000,3.6717
2026-05-12,vaa,defensive,SHY:1.0000,2.0831
2026-05-12,paa,offensive,DBC:0.8333|SHY:0.1667,3.6717
2026-05-12,baa_g12,offensive,DBC:1.0000,3.6789
2026-05-12,baa_g4,offensive,EEM:1.0000,2.0960
2026-05-12,gem,offensive,SPY:1.0000,0.3169
2026-05-12,haa,offensive,EEM:1.0000,2.1025
2026-05-12,permanent,offensive,BIL:0.2500|GLD:0.2500|SPY:0.2500|TLT:0.2500,1.6300
2026-05-12,all_weather,offensive,DBC:0.0750|GLD:0.0750|IEF:0.1500|SPY:0.3000|TLT:0.4000,3.6789
2026-05-12,golden_butterfly,offensive,GLD:0.2000|SHY:0.2000|SPY:0.2000|TLT:0.2000|VBR:0.2000,1.6320
2026-05-12,gtaa,offensive,DBC:0.2500|EFA:0.2500|SPY:0.2500|VNQ:0.2500,3.6789
2026-05-12,ivy,offensive,DBC:0.2500|EFA:0.2500|VNQ:0.2500|VTI:0.2500,3.6789
2026-05-12,faa,offensive,DBC:0.3333|SHY:0.3333|SPY:0.3333,0.9197
2026-05-12,eaa,offensive,DBC:0.5888|EEM:0.1629|SPY:0.2483,0.9180
2026-05-12,laa,offensive,GLD:0.2500|IEF:0.2500|IWD:0.2500|QQQ:0.2500,2.9499
2026-05-13,daa,defensive,SHY:1.0000,3.5929
2026-05-13,vaa,defensive,SHY:1.0000,2.3309
2026-05-13,paa,offensive,DBC:0.8333|SHY:0.1667,3.5929
2026-05-13,baa_g12,offensive,DBC:1.0000,3.5857
2026-05-13,baa_g4,offensive,EEM:1.0000,2.3214
2026-05-13,gem,offensive,SPY:1.0000,0.2879
2026-05-13,haa,offensive,EEM:1.0000,2.3246
2026-05-13,permanent,offensive,BIL:0.2500|GLD:0.2500|SPY:0.2500|TLT:0.2500,1.6070
2026-05-13,all_weather,offensive,DBC:0.0750|GLD:0.0750|IEF:0.1500|SPY:0.3000|TLT:0.4000,3.5893
2026-05-13,golden_butterfly,offensive,GLD:0.2000|SHY:0.2000|SPY:0.2000|TLT:0.2000|VBR:0.2000,1.6077
2026-05-13,gtaa,offensive,DBC:0.2500|EFA:0.2500|SPY:0.2500|VNQ:0.2500,3.5929
2026-05-13,ivy,offensive,DBC:0.2500|EFA:0.2500|VNQ:0.2500|VTI:0.2500,3.5929
2026-05-13,faa,offensive,DBC:0.3333|SHY:0.3333|SPY:0.3333,0.8982
2026-05-13,eaa,offensive,DBC:0.5686|EEM:0.1827|SPY:0.2488,0.8982
2026-05-13,laa,offensive,GLD:0.2500|IEF:0.2500|IWD:0.2500|QQQ:0.2500,3.0169
2026-05-14,daa,defensive,SHY:1.0000,3.3572
2026-05-14,vaa,defensive,SHY:1.0000,2.3700
2026-05-14,paa,offensive,DBC:0.8333|SHY:0.1667,3.3572
2026-05-14,baa_g12,offensive,DBC:1.0000,3.3572
2026-05-14,baa_g4,offensive,EEM:1.0000,2.3748
2026-05-14,gem,offensive,SPY:1.0000,0.2871
2026-05-14,haa,offensive,EEM:1.0000,2.3669
2026-05-14,permanent,offensive,BIL:0.2500|GLD:0.2500|SPY:0.2500|TLT:0.2500,1.6818
2026-05-14,all_weather,offensive,DBC:0.0750|GLD:0.0750|IEF:0.1500|SPY:0.3000|TLT:0.4000,3.3644
2026-05-14,golden_butterfly,offensive,GLD:0.2000|SHY:0.2000|SPY:0.2000|TLT:0.2000|VBR:0.2000,1.6867
2026-05-14,gtaa,offensive,DBC:0.2500|EFA:0.2500|SPY:0.2500|VNQ:0.2500,3.3644
2026-05-14,ivy,offensive,DBC:0.2500|EFA:0.2500|VNQ:0.2500|VTI:0.2500,3.3644
2026-05-14,faa,offensive,DBC:0.3333|SHY:0.3333|SPY:0.3333,0.8411
2026-05-14,eaa,offensive,DBC:0.5421|EEM:0.1910|SPY:0.2669,0.8402
2026-05-14,laa,offensive,GLD:0.2500|IEF:0.2500|IWD:0.2500|QQQ:0.2500,3.0380
2026-05-15,daa,defensive,SHY:1.0000,3.3456
2026-05-15,vaa,defensive,SHY:1.0000,1.6266
2026-05-15,paa,offensive,DBC:0.6667|SHY:0.3333,3.3456
2026-05-15,baa_g12,offensive,DBC:1.0000,3.3456
2026-05-15,baa_g4,offensive,EEM:1.0000,1.6218
2026-05-15,gem,offensive,SPY:1.0000,0.2765
2026-05-15,haa,offensive,EEM:1.0000,1.6281
2026-05-15,permanent,offensive,BIL:0.2500|GLD:0.2500|SPY:0.2500|TLT:0.2500,1.5043
2026-05-15,all_weather,offensive,DBC:0.0750|GLD:0.0750|IEF:0.1500|SPY:0.3000|TLT:0.4000,3.3456
2026-05-15,golden_butterfly,offensive,GLD:0.2000|SHY:0.2000|SPY:0.2000|TLT:0.2000|VBR:0.2000,1.5071
2026-05-15,gtaa,offensive,DBC:0.2500|EFA:0.2500|SPY:0.2500|VNQ:0.2500,3.3456
2026-05-15,ivy,offensive,DBC:0.2500|EFA:0.2500|VNQ:0.2500|VTI:0.2500,3.3456
2026-05-15,faa,offensive,DBC:0.3333|SHY:0.3333|SPY:0.3333,0.8382
2026-05-15,eaa,offensive,DBC:0.5994|EEM:0.1397|SPY:0.2609,0.8382
2026-05-15,laa,offensive,GLD:0.2500|IEF:0.2500|IWD:0.2500|QQQ:0.2500,2.7535
2026-05-18,daa,defensive,SHY:1.0000,4.1225
2026-05-18,vaa,defensive,SHY:1.0000,1.2913
2026-05-18,paa,offensive,DBC:0.5833|SHY:0.4167,4.1225
2026-05-18,baa_g12,offensive,DBC:1.0000,4.1225
2026-05-18,baa_g4,offensive,EEM:1.0000,1.2975
2026-05-18,gem,offensive,SPY:1.0000,0.2619
2026-05-18,haa,offensive,EEM:1.0000,1.3069
2026-05-18,permanent,offensive,BIL:0.2500|GLD:0.2500|SPY:0.2500|TLT:0.2500,1.2440
2026-05-18,all_weather,offensive,DBC:0.0750|GLD:0.0750|IEF:0.1500|SPY:0.3000|TLT:0.4000,4.1225
2026-05-18,golden_butterfly,offensive,GLD:0.2000|SHY:0.2000|SPY:0.2000|TLT:0.2000|VBR:0.2000,1.2449
2026-05-18,gtaa,offensive,DBC:0.2500|EFA:0.2500|SPY:0.2500|VNQ:0.2500,4.1189
2026-05-18,ivy,offensive,DBC:0.2500|EFA:0.2500|VNQ:0.2500|VTI:0.2500,4.1189
2026-05-18,faa,offensive,DBC:0.3333|SHY:0.3333|SPY:0.3333,1.0297
2026-05-18,eaa,offensive,DBC:0.6921|EEM:0.1054|SPY:0.2025,1.0297
2026-05-18,laa,offensive,GLD:0.2500|IEF:0.2500|IWD:0.2500|QQQ:0.2500,2.3721
2026-05-19,daa,defensive,SHY:1.0000,3.7823
2026-05-19,vaa,defensive,SHY:1.0000,1.3402
2026-05-19,paa,offensive,DBC:0.5833|SHY:0.4167,3.7753
2026-05-19,baa_g12,offensive,DBC:1.0000,3.7753
2026-05-19,baa_g4,offensive,EEM:1.0000,1.3371
2026-05-19,gem,offensive,SPY:1.0000,0.2544
2026-05-19,haa,offensive,EEM:1.0000,1.3308
2026-05-19,permanent,offensive,BIL:0.2500|GLD:0.2500|SPY:0.2500|TLT:0.2500,1.2378
2026-05-19,all_weather,offensive,DBC:0.0750|GLD:0.0750|IEF:0.1500|SPY:0.3000|TLT:0.4000,3.7751
2026-05-19,golden_butterfly,offensive,GLD:0.2000|SHY:0.2000|SPY:0.2000|TLT:0.2000|VBR:0.2000,1.2352
2026-05-19,gtaa,offensive,DBC:0.2500|EFA:0.2500|SPY:0.2500|VNQ:0.2500,3.7751
2026-05-19,ivy,offensive,DBC:0.2500|EFA:0.2500|VNQ:0.2500|VTI:0.2500,3.7859
2026-05-19,faa,offensive,DBC:0.3333|SHY:0.3333|SPY:0.3333,0.9465
2026-05-19,eaa,offensive,DBC:0.6758|EEM:0.1118|SPY:0.2124,0.9438
2026-05-19,laa,offensive,GLD:0.2500|IEF:0.2500|IWD:0.2500|QQQ:0.2500,2.4149
2026-05-20,daa,defensive,SHY:1.0000,2.9871
2026-05-20,vaa,defensive,SHY:1.0000,1.7649
2026-05-20,paa,offensive,DBC:0.7500|SHY:0.2500,2.9978
2026-05-20,baa_g12,offensive,DBC:1.0000,2.9978
2026-05-20,baa_g4,offensive,EEM:1.0000,1.7647
2026-05-20,gem,offensive,SPY:1.0000,0.2585
2026-05-20,haa,offensive,EEM:1.0000,1.7679
2026-05-20,permanent,offensive,BIL:0.2500|GLD:0.2500|SPY:0.2500|TLT:0.2500,1.4452
2026-05-20,all_weather,offensive,DBC:0.0750|GLD:0.0750|IEF:0.1500|SPY:0.3000|TLT:0.4000,2.9978
2026-05-20,golden_butterfly,offensive,GLD:0.2000|SHY:0.2000|SPY:0.2000|TLT:0.2000|VBR:0.2000,1.4466
2026-05-20,gtaa,offensive,DBC:0.2500|EFA:0.2500|SPY:0.2500|VNQ:0.2500,2.9978
2026-05-20,ivy,offensive,DBC:0.2500|EFA:0.2500|VNQ:0.2500|VTI:0.2500,2.9978
2026-05-20,faa,offensive,DBC:0.3333|SHY:0.3333|SPY:0.3333,0.7521
2026-05-20,eaa,offensive,DBC:0.5738|EEM:0.1601|SPY:0.2661,0.7521
2026-05-20,laa,offensive,GLD:0.2500|IEF:0.2500|IWD:0.2500|QQQ:0.2500,2.6970
2026-05-21,daa,defensive,SHY:1.0000,2.7146
2026-05-21,vaa,defensive,SHY:1.0000,1.6900
2026-05-21,paa,offensive,DBC:0.7500|SHY:0.2500,2.7182
2026-05-21,baa_g12,offensive,DBC:1.0000,2.7146
2026-05-21,baa_g4,offensive,EEM:1.0000,1.6900
2026-05-21,gem,offensive,SPY:1.0000,0.2670
2026-05-21,haa,offensive,EEM:1.0000,1.6994
2026-05-21,permanent,offensive,BIL:0.2500|GLD:0.2500|SPY:0.2500|TLT:0.2500,1.3820
2026-05-21,all_weather,offensive,DBC:0.0750|GLD:0.0750|IEF:0.1500|SPY:0.3000|TLT:0.4000,2.7146
2026-05-21,golden_butterfly,offensive,GLD:0.2000|SHY:0.2000|SPY:0.2000|TLT:0.2000|VBR:0.2000,1.3901
2026-05-21,gtaa,offensive,DBC:0.2500|EFA:0.2500|SPY:0.2500|VNQ:0.2500,2.7146
2026-05-21,ivy,offensive,DBC:0.2500|EFA:0.2500|VNQ:0.2500|VTI:0.2500,2.6934
2026-05-21,faa,offensive,DBC:0.3333|SHY:0.3333|SPY:0.3333,0.6751
2026-05-21,eaa,offensive,DBC:0.5572|EEM:0.1661|SPY:0.2768,0.6734
2026-05-21,laa,offensive,GLD:0.2500|IEF:0.2500|IWD:0.2500|QQQ:0.2500,2.6038
2026-05-22,daa,defensive,SHY:1.0000,2.8883
2026-05-22,vaa,defensive,SHY:1.0000,1.9868
2026-05-22,paa,offensive,QQQ:0.7500|SHY:0.2500,2.8911
2026-05-22,baa_g12,offensive,QQQ:1.0000,2.8892
2026-05-22,baa_g4,offensive,EEM:1.0000,1.9836
2026-05-22,gem,offensive,SPY:1.0000,0.2967
2026-05-22,haa,offensive,EEM:1.0000,1.9841
2026-05-22,permanent,offensive,BIL:0.2500|GLD:0.2500|SPY:0.2500|TLT:0.2500,1.6146
2026-05-22,all_weather,offensive,DBC:0.0750|GLD:0.0750|IEF:0.1500|SPY:0.3000|TLT:0.4000,2.4850
2026-05-22,golden_butterfly,offensive,GLD:0.2000|SHY:0.2000|SPY:0.2000|TLT:0.2000|VBR:0.2000,1.6182
2026-05-22,gtaa,offensive,DBC:0.2500|EFA:0.2500|SPY:0.2500|VNQ:0.2500,2.4780
2026-05-22,ivy,offensive,DBC:0.2500|EFA:0.2500|VNQ:0.2500|VTI:0.2500,2.4780
2026-05-22,faa,offensive,DBC:0.3333|SHY:0.3333|SPY:0.3333,0.6195
2026-05-22,eaa,offensive,DBC:0.4947|EEM:0.1878|SPY:0.3175,0.6134
2026-05-22,laa,offensive,GLD:0.2500|IEF:0.2500|IWD:0.2500|QQQ:0.2500,2.8999
2026-05-25,daa,defensive,SHY:1.0000,2.8002
2026-05-25,vaa,defensive,SHY:1.0000,1.8964
2026-05-25,paa,offensive,QQQ:0.7500|SHY:0.2500,2.8002
2026-05-25,baa_g12,offensive,QQQ:1.0000,2.8002
2026-05-25,baa_g4,offensive,EEM:1.0000,1.8964
2026-05-25,gem,offensive,SPY:1.0000,0.2939
2026-05-25,haa,offensive,EEM:1.0000,1.8964
2026-05-25,permanent,offensive,BIL:0.2500|GLD:0.2500|SPY:0.2500|TLT:0.2500,1.5699
2026-05-25,all_weather,offensive,DBC:0.0750|GLD:0.0750|IEF:0.1500|SPY:0.3000|TLT:0.4000,2.4289
2026-05-25,golden_butterfly,offensive,GLD:0.2000|SHY:0.2000|SPY:0.2000|TLT:0.2000|VBR:0.2000,1.5699
2026-05-25,gtaa,offensive,DBC:0.2500|EFA:0.2500|SPY:0.2500|VNQ:0.2500,2.4289
2026-05-25,ivy,offensive,DBC:0.2500|EFA:0.2500|VNQ:0.2500|VTI:0.2500,2.4289
2026-05-25,faa,offensive,DBC:0.3333|SHY:0.3333|SPY:0.3333,0.6072
2026-05-25,eaa,offensive,DBC:0.5021|EEM:0.1829|SPY:0.3149,0.6072
2026-05-25,laa,offensive,GLD:0.2500|IEF:0.2500|IWD:0.2500|QQQ:0.2500,2.8002
2026-05-26,daa,defensive,SHY:1.0000,2.8873
2026-05-26,vaa,defensive,SHY:1.0000,2.3104
2026-05-26,paa,offensive,QQQ:0.7500|SHY:0.2500,2.8916
2026-05-26,baa_g12,offensive,QQQ:1.0000,2.8919
2026-05-26,baa_g4,offensive,EEM:1.0000,2.3135
2026-05-26,gem,offensive,SPY:1.0000,0.3003
2026-05-26,haa,offensive,EEM:1.0000,2.3213
2026-05-26,permanent,offensive,BIL:0.2500|GLD:0.2500|SPY:0.2500|TLT:0.2500,1.5839
2026-05-26,all_weather,offensive,DBC:0.0750|GLD:0.0750|IEF:0.1500|SPY:0.3000|TLT:0.4000,2.1510
2026-05-26,golden_butterfly,offensive,GLD:0.2000|SHY:0.2000|SPY:0.2000|TLT:0.2000|VBR:0.2000,1.5853
2026-05-26,gtaa,offensive,DBC:0.2500|EFA:0.2500|SPY:0.2500|VNQ:0.2500,2.1510
2026-05-26,ivy,offensive,DBC:0.2500|EFA:0.2500|VNQ:0.2500|VTI:0.2500,2.1510
2026-05-26,faa,offensive,DBC:0.3333|EEM:0.3333|SPY:0.3333,0.5803
2026-05-26,eaa,offensive,DBC:0.4512|EEM:0.2269|SPY:0.3219,0.5807
2026-05-26,laa,offensive,GLD:0.2500|IEF:0.2500|IWD:0.2500|QQQ:0.2500,2.9006
2026-05-27,daa,defensive,SHY:1.0000,2.7973
2026-05-27,vaa,defensive,SHY:1.0000,2.3039
2026-05-27,paa,offensive,QQQ:0.8333|SHY:0.1667,2.7979
2026-05-27,baa_g12,offensive,QQQ:1.0000,2.7964
2026-05-27,baa_g4,offensive,EEM:1.0000,2.3039
2026-05-27,gem,offensive,SPY:1.0000,0.3095
2026-05-27,haa,offensive,EEM:1.0000,2.3039
2026-05-27,permanent,offensive,BIL:0.2500|GLD:0.2500|SPY:0.2500|TLT:0.2500,1.5193
2026-05-27,all_weather,offensive,DBC:0.0750|GLD:0.0750|IEF:0.1500|SPY:0.3000|TLT:0.4000,1.6565
2026-05-27,golden_butterfly,offensive,GLD:0.2000|SHY:0.2000|SPY:0.2000|TLT:0.2000|VBR:0.2000,1.5186
2026-05-27,gtaa,offensive,DBC:0.2500|EFA:0.2500|SPY:0.2500|VNQ:0.2500,1.6531
2026-05-27,ivy,offensive,DBC:0.2500|EFA:0.2500|VNQ:0.2500|VTI:0.2500,1.6531
2026-05-27,faa,offensive,DBC:0.3333|EEM:0.3333|SPY:0.3333,0.5767
2026-05-27,eaa,offensive,DBC:0.3927|EEM:0.2561|SPY:0.3512,0.5764
2026-05-27,laa,offensive,GLD:0.2500|IEF:0.2500|IWD:0.2500|QQQ:0.2500,2.7994
2026-05-28,daa,offensive,EEM:0.5000|QQQ:0.5000,3.1260
2026-05-28,vaa,offensive,EEM:1.0000,2.5738
2026-05-28,paa,offensive,QQQ:0.8333|SHY:0.1667,3.1262
2026-05-28,baa_g12,offensive,QQQ:1.0000,3.1318
2026-05-28,baa_g4,offensive,EEM:1.0000,2.5675
2026-05-28,gem,offensive,SPY:1.0000,0.2914
2026-05-28,haa,offensive,EEM:1.0000,2.5722
2026-05-28,permanent,offensive,BIL:0.2500|GLD:0.2500|SPY:0.2500|TLT:0.2500,1.6804
2026-05-28,all_weather,offensive,DBC:0.0750|GLD:0.0750|IEF:0.1500|SPY:0.3000|TLT:0.4000,1.6807
2026-05-28,golden_butterfly,offensive,GLD:0.2000|SHY:0.2000|SPY:0.2000|TLT:0.2000|VBR:0.2000,1.6799
2026-05-28,gtaa,offensive,DBC:0.2500|EFA:0.2500|SPY:0.2500|VNQ:0.2500,1.6803
2026-05-28,ivy,offensive,DBC:0.2500|EFA:0.2500|VNQ:0.2500|VTI:0.2500,1.6727
2026-05-28,faa,offensive,DBC:0.3333|EEM:0.3333|SPY:0.3333,0.6431
2026-05-28,eaa,offensive,DBC:0.3689|EEM:0.2665|SPY:0.3646,0.6427
2026-05-28,laa,offensive,GLD:0.2500|IEF:0.2500|IWD:0.2500|QQQ:0.2500,3.1297
2026-05-29,daa,offensive,EEM:0.5000|QQQ:0.5000,3.0741
2026-05-29,vaa,offensive,EEM:1.0000,2.6228
2026-05-29,paa,offensive,QQQ:0.9167|SHY:0.0833,3.0843
2026-05-29,baa_g12,offensive,QQQ:1.0000,3.0855
2026-05-29,baa_g4,offensive,EEM:1.0000,2.6306
2026-05-29,gem,offensive,SPY:1.0000,0.3010
2026-05-29,haa,offensive,EEM:1.0000,2.6322
2026-05-29,permanent,offensive,BIL:0.2500|GLD:0.2500|SPY:0.2500|TLT:0.2500,1.7246
2026-05-29,all_weather,offensive,DBC:0.0750|GLD:0.0750|IEF:0.1500|SPY:0.3000|TLT:0.4000,1.7245
2026-05-29,golden_butterfly,offensive,GLD:0.2000|SHY:0.2000|SPY:0.2000|TLT:0.2000|VBR:0.2000,1.7242
2026-05-29,gtaa,offensive,DBC:0.2500|EFA:0.2500|SPY:0.2500|VNQ:0.2500,1.7226
2026-05-29,ivy,offensive,DBC:0.2500|EFA:0.2500|VNQ:0.2500|VTI:0.2500,1.7232
2026-05-29,faa,offensive,DBC:0.3333|EEM:0.3333|SPY:0.3333,0.6581
2026-05-29,eaa,offensive,DBC:0.2850|EEM:0.3012|SPY:0.4139,0.6573
2026-05-29,laa,offensive,GLD:0.2500|IEF:0.2500|IWD:0.2500|QQQ:0.2500,3.0849
2026-06-01,daa,offensive,EEM:0.5000|QQQ:0.5000,3.0931
2026-06-01,vaa,offensive,EEM:1.0000,2.8787
2026-06-01,paa,offensive,QQQ:0.8333|SHY:0.1667,3.0898
2026-06-01,baa_g12,offensive,QQQ:1.0000,3.0871
2026-06-01,baa_g4,offensive,EEM:1.0000,2.8912
2026-06-01,gem,offensive,SPY:1.0000,0.3001
2026-06-01,haa,offensive,EEM:1.0000,2.8912
2026-06-01,permanent,offensive,BIL:0.2500|GLD:0.2500|SPY:0.2500|TLT:0.2500,1.6438
2026-06-01,all_weather,offensive,DBC:0.0750|GLD:0.0750|IEF:0.1500|SPY:0.3000|TLT:0.4000,1.6419
2026-06-01,golden_butterfly,offensive,GLD:0.2000|SHY:0.2000|SPY:0.2000|TLT:0.2000|VBR:0.2000,1.6422
2026-06-01,gtaa,offensive,DBC:0.2500|EFA:0.2500|SPY:0.2500|VNQ:0.2500,1.6427
2026-06-01,ivy,offensive,DBC:0.2500|EFA:0.2500|VNQ:0.2500|VTI:0.2500,1.6295
2026-06-01,faa,offensive,DBC:0.3333|SHY:0.3333|SPY:0.3333,0.7197
2026-06-01,eaa,offensive,DBC:0.3224|EEM:0.3089|SPY:0.3687,0.7197
2026-06-01,laa,offensive,GLD:0.2500|IEF:0.2500|IWD:0.2500|QQQ:0.2500,3.0931
2026-06-02,daa,offensive,EEM:0.5000|QQQ:0.5000,3.2885
2026-06-02,vaa,offensive,EEM:1.0000,3.2886
2026-06-02,paa,offensive,EEM:0.8333|SHY:0.1667,3.2870
2026-06-02,baa_g12,offensive,EEM:1.0000,3.2886
2026-06-02,baa_g4,offensive,EEM:1.0000,3.2933
2026-06-02,gem,offensive,SPY:1.0000,0.3030
2026-06-02,haa,offensive,EEM:1.0000,3.2933
2026-06-02,permanent,offensive,BIL:0.2500|GLD:0.2500|SPY:0.2500|TLT:0.2500,1.6569
2026-06-02,all_weather,offensive,DBC:0.0750|GLD:0.0750|IEF:0.1500|SPY:0.3000|TLT:0.4000,1.6566
2026-06-02,golden_butterfly,offensive,GLD:0.2000|SHY:0.2000|SPY:0.2000|TLT:0.2000|VBR:0.2000,1.6577
2026-06-02,gtaa,offensive,DBC:0.2500|EFA:0.2500|SPY:0.2500|VNQ:0.2500,1.6596
2026-06-02,ivy,offensive,DBC:0.2500|EFA:0.2500|VNQ:0.2500|VTI:0.2500,1.6591
2026-06-02,faa,offensive,DBC:0.3333|SHY:0.3333|SPY:0.3333,0.8257
2026-06-02,eaa,offensive,DBC:0.3295|EEM:0.3274|SPY:0.3431,0.8257
2026-06-02,laa,offensive,GLD:0.2500|IEF:0.2500|IWD:0.2500|QQQ:0.2500,3.0798
2026-06-03,daa,offensive,EEM:0.5000|QQQ:0.5000,3.0117
2026-06-03,vaa,offensive,EEM:1.0000,2.9630
2026-06-03,paa,offensive,QQQ:0.8333|SHY:0.1667,3.0185
2026-06-03,baa_g12,offensive,QQQ:1.0000,3.0118
2026-06-03,baa_g4,offensive,EEM:1.0000,2.9678
2026-06-03,gem,offensive,SPY:1.0000,0.2890
2026-06-03,haa,offensive,EEM:1.0000,2.9772
2026-06-03,permanent,offensive,BIL:0.2500|GLD:0.2500|SPY:0.2500|TLT:0.2500,1.5663
2026-06-03,all_weather,offensive,DBC:0.0750|GLD:0.0750|IEF:0.1500|SPY:0.3000|TLT:0.4000,1.5693
2026-06-03,golden_butterfly,offensive,GLD:0.2000|SHY:0.2000|SPY:0.2000|TLT:0.2000|VBR:0.2000,1.5679
2026-06-03,gtaa,offensive,DBC:0.2500|EFA:0.2500|SPY:0.2500|VNQ:0.2500,1.5674
2026-06-03,ivy,offensive,DBC:0.2500|EFA:0.2500|VNQ:0.2500|VTI:0.2500,1.5598
2026-06-03,faa,offensive,DBC:0.3333|EEM:0.3333|SPY:0.3333,0.7415
2026-06-03,eaa,offensive,DBC:0.3283|EEM:0.3190|SPY:0.3527,0.7412
2026-06-03,laa,offensive,GLD:0.2500|IEF:0.2500|IWD:0.2500|QQQ:0.2500,3.0098
2026-06-04,daa,offensive,EEM:0.5000|QQQ:0.5000,2.7636
2026-06-04,vaa,offensive,EEM:1.0000,2.6135
2026-06-04,paa,offensive,QQQ:0.8333|SHY:0.1667,2.7636
2026-06-04,baa_g12,offensive,QQQ:1.0000,2.7640
2026-06-04,baa_g4,offensive,EEM:1.0000,2.6198
2026-06-04,gem,offensive,SPY:1.0000,0.2856
2026-06-04,haa,offensive,EEM:1.0000,2.6120
2026-06-04,permanent,offensive,BIL:0.2500|GLD:0.2500|SPY:0.2500|TLT:0.2500,1.5443
2026-06-04,all_weather,offensive,DBC:0.0750|GLD:0.0750|IEF:0.1500|SPY:0.3000|TLT:0.4000,1.5451
2026-06-04,golden_butterfly,offensive,GLD:0.2000|SHY:0.2000|SPY:0.2000|TLT:0.2000|VBR:0.2000,1.5446
2026-06-04,gtaa,offensive,DBC:0.2500|EFA:0.2500|SPY:0.2500|VNQ:0.2500,1.5448
2026-06-04,ivy,offensive,DBC:0.2500|EFA:0.2500|VNQ:0.2500|VTI:0.2500,1.5562
2026-06-04,faa,offensive,DBC:0.3333|EEM:0.3333|SPY:0.3333,0.6569
2026-06-04,eaa,offensive,DBC:0.2794|EEM:0.3231|SPY:0.3975,0.6569
2026-06-04,laa,offensive,GLD:0.2500|IEF:0.2500|IWD:0.2500|QQQ:0.2500,2.7732
2026-06-05,daa,defensive,SHY:1.0000,1.7829
2026-06-05,vaa,defensive,SHY:1.0000,1.0656
2026-06-05,paa,offensive,QQQ:0.7500|SHY:0.2500,1.7737
2026-06-05,baa_g12,offensive,QQQ:1.0000,1.7796
2026-06-05,baa_g4,offensive,SPY:1.0000,1.0605
2026-06-05,gem,offensive,SPY:1.0000,0.2632
2026-06-05,haa,offensive,EEM:1.0000,1.0640
2026-06-05,permanent,offensive,BIL:0.2500|GLD:0.2500|SPY:0.2500|TLT:0.2500,1.0573
2026-06-05,all_weather,offensive,DBC:0.0750|GLD:0.0750|IEF:0.1500|SPY:0.3000|TLT:0.4000,1.0587
2026-06-05,golden_butterfly,offensive,GLD:0.2000|SHY:0.2000|SPY:0.2000|TLT:0.2000|VBR:0.2000,1.0593
2026-06-05,gtaa,offensive,DBC:0.2500|EFA:0.2500|SPY:0.2500|VNQ:0.2500,1.0605
2026-06-05,ivy,offensive,DBC:0.2500|EFA:0.2500|VNQ:0.2500|VTI:0.2500,1.0565
2026-06-05,faa,offensive,DBC:0.3333|SHY:0.3333|SPY:0.3333,0.2637
2026-06-05,eaa,offensive,DBC:0.3609|SPY:0.4049|VNQ:0.2342,0.2622
2026-06-05,laa,offensive,GLD:0.2500|IEF:0.2500|IWD:0.2500|QQQ:0.2500,1.7725
2026-06-08,daa,defensive,SHY:1.0000,1.8646
2026-06-08,vaa,defensive,SHY:1.0000,1.3230
2026-06-08,paa,offensive,QQQ:0.7500|SHY:0.2500,1.8504
2026-06-08,baa_g12,offensive,QQQ:1.0000,1.8454
2026-06-08,baa_g4,offensive,EEM:1.0000,1.3046
2026-06-08,gem,offensive,SPY:1.0000,0.2643
2026-06-08,haa,offensive,EEM:1.0000,1.2984
2026-06-08,permanent,offensive,BIL:0.2500|GLD:0.2500|SPY:0.2500|TLT:0.2500,0.9817
2026-06-08,all_weather,offensive,DBC:0.0750|GLD:0.0750|IEF:0.1500|SPY:0.3000|TLT:0.4000,1.1134
2026-06-08,golden_butterfly,offensive,GLD:0.2000|SHY:0.2000|SPY:0.2000|TLT:0.2000|VBR:0.2000,0.9833
2026-06-08,gtaa,offensive,DBC:0.2500|EFA:0.2500|SPY:0.2500|VNQ:0.2500,1.1134
2026-06-08,ivy,offensive,DBC:0.2500|EFA:0.2500|VNQ:0.2500|VTI:0.2500,1.1100
2026-06-08,faa,offensive,DBC:0.3333|EEM:0.3333|SPY:0.3333,0.3269
2026-06-08,eaa,offensive,DBC:0.4247|EEM:0.2179|SPY:0.3574,0.3277
2026-06-08,laa,offensive,GLD:0.2500|IEF:0.2500|IWD:0.2500|QQQ:0.2500,1.8431
2026-06-09,daa,defensive,SHY:1.0000,0.9958
2026-06-09,vaa,defensive,SHY:1.0000,0.8151
2026-06-09,paa,offensive,IWM:0.7500|SHY:0.2500,1.0153
2026-06-09,baa_g12,offensive,IWM:1.0000,1.0075
2026-06-09,baa_g4,offensive,EEM:1.0000,0.8439
2026-06-09,gem,offensive,SPY:1.0000,0.2352
2026-06-09,haa,offensive,EEM:1.0000,0.8333
2026-06-09,permanent,offensive,BIL:0.2500|GLD:0.2500|SPY:0.2500|TLT:0.2500,0.6049
2026-06-09,all_weather,offensive,DBC:0.0750|GLD:0.0750|IEF:0.1500|SPY:0.3000|TLT:0.4000,0.6864
2026-06-09,golden_butterfly,offensive,GLD:0.2000|SHY:0.2000|SPY:0.2000|TLT:0.2000|VBR:0.2000,0.9273
2026-06-09,gtaa,offensive,DBC:0.2500|EFA:0.2500|SPY:0.2500|VNQ:0.2500,0.6864
2026-06-09,ivy,offensive,DBC:0.2500|EFA:0.2500|VNQ:0.2500|VTI:0.2500,0.6864
2026-06-09,faa,offensive,DBC:0.3333|EEM:0.3333|VNQ:0.3333,0.2087
2026-06-09,eaa,offensive,DBC:0.3376|SPY:0.2938|VNQ:0.3686,0.2098
2026-06-09,laa,offensive,GLD:0.2500|IEF:0.2500|IWD:0.2500|QQQ:0.2500,1.0278
2026-06-10,daa,offensive,IWM:0.5000|QQQ:0.5000,1.0922
2026-06-10,vaa,offensive,EEM:1.0000,0.8055
2026-06-10,paa,offensive,IWM:0.8333|SHY:0.1667,1.0915
2026-06-10,baa_g12,offensive,IWM:1.0000,1.0893
2026-06-10,baa_g4,offensive,EEM:1.0000,0.8192
2026-06-10,gem,offensive,SPY:1.0000,0.2331
2026-06-10,haa,offensive,EEM:1.0000,0.8267
2026-06-10,permanent,offensive,BIL:0.2500|GLD:0.2500|SPY:0.2500|TLT:0.2500,0.5855
2026-06-10,all_weather,offensive,DBC:0.0750|GLD:0.0750|IEF:0.1500|SPY:0.3000|TLT:0.4000,0.5879
2026-06-10,golden_butterfly,offensive,GLD:0.2000|SHY:0.2000|SPY:0.2000|TLT:0.2000|VBR:0.2000,1.0562
2026-06-10,gtaa,offensive,DBC:0.2500|EFA:0.2500|SPY:0.2500|VNQ:0.2500,0.8194
2026-06-10,ivy,offensive,DBC:0.2500|EFA:0.2500|VNQ:0.2500|VTI:0.2500,0.8164
2026-06-10,faa,offensive,DBC:0.3333|SPY:0.3333|VNQ:0.3333,0.2041
2026-06-10,eaa,offensive,DBC:0.2608|SPY:0.2737|VNQ:0.4655,0.2044
2026-06-10,laa,offensive,GLD:0.2500|IEF:0.2500|IWD:0.2500|QQQ:0.2500,1.0203
2026-06-11,daa,offensive,EEM:0.5000|IWM:0.5000,1.7962
2026-06-11,vaa,offensive,EEM:1.0000,1.7745
2026-06-11,paa,offensive,EEM:0.9167|SHY:0.0833,1.7776
2026-06-11,baa_g12,offensive,EEM:1.0000,1.7888
2026-06-11,baa_g4,offensive,EEM:1.0000,1.7931
2026-06-11,gem,offensive,SPY:1.0000,0.2323
2026-06-11,haa,offensive,EEM:1.0000,1.7900
2026-06-11,permanent,offensive,BIL:0.2500|GLD:0.2500|SPY:0.2500|TLT:0.2500,0.7645
2026-06-11,all_weather,offensive,DBC:0.0750|GLD:0.0750|IEF:0.1500|SPY:0.3000|TLT:0.4000,0.7615
2026-06-11,golden_butterfly,offensive,GLD:0.2000|SHY:0.2000|SPY:0.2000|TLT:0.2000|VBR:0.2000,1.3347
2026-06-11,gtaa,offensive,DBC:0.2500|EFA:0.2500|SPY:0.2500|VNQ:0.2500,0.8198
2026-06-11,ivy,offensive,DBC:0.2500|EFA:0.2500|VNQ:0.2500|VTI:0.2500,0.8475
2026-06-11,faa,offensive,AGG:0.3333|EEM:0.3333|VNQ:0.3333,0.4475
2026-06-11,eaa,offensive,EEM:0.3187|SPY:0.2943|VNQ:0.3870,0.4475
2026-06-11,laa,offensive,GLD:0.2500|IEF:0.2500|IWD:0.2500|QQQ:0.2500,1.4230
2026-06-12,daa,offensive,EEM:0.5000|IWM:0.5000,1.9712
2026-06-12,vaa,offensive,EEM:1.0000,1.8888
2026-06-12,paa,offensive,IWM:0.8333|SHY:0.1667,1.9705
2026-06-12,baa_g12,offensive,IWM:1.0000,1.9733
2026-06-12,baa_g4,offensive,EEM:1.0000,1.8888
2026-06-12,gem,offensive,SPY:1.0000,0.2475
2026-06-12,haa,offensive,EEM:1.0000,1.8857
2026-06-12,permanent,offensive,BIL:0.2500|GLD:0.2500|SPY:0.2500|TLT:0.2500,0.8974
2026-06-12,all_weather,offensive,DBC:0.0750|GLD:0.0750|IEF:0.1500|SPY:0.3000|TLT:0.4000,0.9006
2026-06-12,golden_butterfly,offensive,GLD:0.2000|SHY:0.2000|SPY:0.2000|TLT:0.2000|VBR:0.2000,1.6486
2026-06-12,gtaa,offensive,DBC:0.2500|EFA:0.2500|SPY:0.2500|VNQ:0.2500,1.0190
2026-06-12,ivy,offensive,DBC:0.2500|EFA:0.2500|VNQ:0.2500|VTI:0.2500,1.0210
2026-06-12,faa,offensive,AGG:0.3333|EEM:0.3333|VNQ:0.3333,0.4745
2026-06-12,eaa,offensive,EEM:0.2879|SPY:0.2979|VNQ:0.4142,0.4749
2026-06-12,laa,offensive,GLD:0.2500|IEF:0.2500|IWD:0.2500|QQQ:0.2500,1.6939
2026-06-15,daa,offensive,EEM:0.5000|QQQ:0.5000,2.3684
2026-06-15,vaa,offensive,EEM:1.0000,2.3638
2026-06-15,paa,offensive,EEM:0.8333|SHY:0.1667,2.3638
2026-06-15,baa_g12,offensive,EEM:1.0000,2.3546
2026-06-15,baa_g4,offensive,EEM:1.0000,2.3546
2026-06-15,gem,offensive,SPY:1.0000,0.2646
2026-06-15,haa,offensive,EEM:1.0000,2.3561
2026-06-15,permanent,offensive,BIL:0.2500|GLD:0.2500|SPY:0.2500|TLT:0.2500,1.1008
2026-06-15,all_weather,offensive,DBC:0.0750|GLD:0.0750|IEF:0.1500|SPY:0.3000|TLT:0.4000,1.1039
2026-06-15,golden_butterfly,offensive,GLD:0.2000|SHY:0.2000|SPY:0.2000|TLT:0.2000|VBR:0.2000,1.5571
2026-06-15,gtaa,offensive,DBC:0.2500|EFA:0.2500|SPY:0.2500|VNQ:0.2500,1.1053
2026-06-15,ivy,offensive,DBC:0.2500|EFA:0.2500|VNQ:0.2500|VTI:0.2500,1.1896
2026-06-15,faa,offensive,AGG:0.3333|EEM:0.3333|SPY:0.3333,0.5906
2026-06-15,eaa,offensive,EEM:0.3277|SPY:0.3327|VNQ:0.3396,0.5906
2026-06-15,laa,offensive,GLD:0.2500|IEF:0.2500|IWD:0.2500|QQQ:0.2500,2.1369
2026-06-16,daa,offensive,EEM:0.5000|IWM:0.5000,2.5398
2026-06-16,vaa,offensive,EEM:1.0000,2.5367
2026-06-16,paa,offensive,EEM:0.8333|IEF:0.1667,2.5414
2026-06-16,baa_g12,offensive,EEM:1.0000,2.5398
2026-06-16,baa_g4,offensive,EEM:1.0000,2.5387
2026-06-16,gem,offensive,SPY:1.0000,0.2731
2026-06-16,haa,offensive,EEM:1.0000,2.5398
2026-06-16,permanent,offensive,BIL:0.2500|GLD:0.2500|SPY:0.2500|TLT:0.2500,1.1853
2026-06-16,all_weather,offensive,DBC:0.0750|GLD:0.0750|IEF:0.1500|SPY:0.3000|TLT:0.4000,1.1834
2026-06-16,golden_butterfly,offensive,GLD:0.2000|SHY:0.2000|SPY:0.2000|TLT:0.2000|VBR:0.2000,1.7163
2026-06-16,gtaa,offensive,DBC:0.2000|EFA:0.2000|IEF:0.2000|SPY:0.2000|VNQ:0.2000,1.2964
2026-06-16,ivy,offensive,DBC:0.2000|EFA:0.2000|IEF:0.2000|VNQ:0.2000|VTI:0.2000,1.2972
2026-06-16,faa,offensive,AGG:0.3333|EEM:0.3333|SPY:0.3333,0.6404
2026-06-16,eaa,offensive,EEM:0.3138|SPY:0.3166|VNQ:0.3696,0.6420
2026-06-16,laa,offensive,GLD:0.2500|IEF:0.2500|IWD:0.2500|QQQ:0.2500,2.0925
2026-06-17,daa,offensive,EEM:0.5000|IWM:0.5000,2.8996
2026-06-17,vaa,offensive,EEM:1.0000,2.8949
2026-06-17,paa,offensive,EEM:0.8333|IEF:0.1667,2.8823
2026-06-17,baa_g12,offensive,EEM:1.0000,2.8288
2026-06-17,baa_g4,offensive,EEM:1.0000,2.8194
2026-06-17,gem,offensive,SPY:1.0000,0.2524
2026-06-17,haa,offensive,EEM:1.0000,2.8131
2026-06-17,permanent,offensive,BIL:0.2500|GLD:0.2500|SPY:0.2500|TLT:0.2500,1.0811
2026-06-17,all_weather,offensive,DBC:0.0750|GLD:0.0750|IEF:0.1500|SPY:0.3000|TLT:0.4000,1.0752
2026-06-17,golden_butterfly,offensive,GLD:0.2000|SHY:0.2000|SPY:0.2000|TLT:0.2000|VBR:0.2000,1.4960
2026-06-17,gtaa,offensive,DBC:0.2500|EFA:0.2500|SPY:0.2500|VNQ:0.2500,1.2548
2026-06-17,ivy,offensive,DBC:0.2500|EFA:0.2500|VNQ:0.2500|VTI:0.2500,1.2403
2026-06-17,faa,offensive,AGG:0.3333|EEM:0.3333|SPY:0.3333,0.6777
2026-06-17,eaa,offensive,EEM:0.3937|SPY:0.3313|VNQ:0.2750,0.6828
2026-06-17,laa,offensive,GLD:0.2500|IEF:0.2500|IWD:0.2500|QQQ:0.2500,1.9996
2026-06-19,daa,offensive,EEM:0.5000|IWM:0.5000,3.4626
2026-06-19,vaa,offensive,EEM:1.0000,3.4626
2026-06-19,paa,offensive,EEM:0.8333|IEF:0.1667,3.4626
2026-06-19,baa_g12,offensive,EEM:1.0000,3.4626
2026-06-19,baa_g4,offensive,EEM:1.0000,3.4626
2026-06-19,gem,offensive,SPY:1.0000,0.2673
2026-06-19,haa,offensive,EEM:1.0000,3.4626
2026-06-19,permanent,offensive,BIL:0.2500|GLD:0.2500|SPY:0.2500|TLT:0.2500,1.2808
2026-06-19,all_weather,offensive,DBC:0.0750|GLD:0.0750|IEF:0.1500|SPY:0.3000|TLT:0.4000,1.2808
2026-06-19,golden_butterfly,offensive,GLD:0.2000|SHY:0.2000|SPY:0.2000|TLT:0.2000|VBR:0.2000,1.6217
2026-06-19,gtaa,offensive,DBC:0.2500|EFA:0.2500|SPY:0.2500|VNQ:0.2500,1.3598
2026-06-19,ivy,offensive,DBC:0.2500|EFA:0.2500|VNQ:0.2500|VTI:0.2500,1.3925
2026-06-19,faa,offensive,AGG:0.3333|EEM:0.3333|SPY:0.3333,0.8657
2026-06-19,eaa,offensive,EEM:0.4246|EFA:0.2405|SPY:0.3348,0.8657
2026-06-19,laa,offensive,GLD:0.2500|IEF:0.2500|IWD:0.2500|QQQ:0.2500,2.5046
2026-06-22,daa,offensive,EEM:0.5000|IWM:0.5000,3.5159
2026-06-22,vaa,offensive,EEM:1.0000,3.5143
2026-06-22,paa,offensive,EEM:0.8333|IEF:0.1667,3.5159
2026-06-22,baa_g12,offensive,EEM:1.0000,3.5159
2026-06-22,baa_g4,offensive,EEM:1.0000,3.5143
2026-06-22,gem,offensive,SPY:1.0000,0.2626
2026-06-22,haa,offensive,EEM:1.0000,3.5143
2026-06-22,permanent,offensive,BIL:0.2500|GLD:0.2500|SPY:0.2500|TLT:0.2500,1.1688
2026-06-22,all_weather,offensive,DBC:0.0750|GLD:0.0750|IEF:0.1500|SPY:0.3000|TLT:0.4000,1.1680
2026-06-22,golden_butterfly,offensive,GLD:0.2000|SHY:0.2000|SPY:0.2000|TLT:0.2000|VBR:0.2000,1.5173
2026-06-22,gtaa,offensive,DBC:0.2500|EFA:0.2500|SPY:0.2500|VNQ:0.2500,1.3240
2026-06-22,ivy,offensive,DBC:0.2500|EFA:0.2500|VNQ:0.2500|VTI:0.2500,1.3223
2026-06-22,faa,offensive,AGG:0.3333|EEM:0.3333|SPY:0.3333,0.8774
2026-06-22,eaa,offensive,EEM:0.4341|SPY:0.3073|VNQ:0.2586,0.8774
2026-06-22,laa,offensive,GLD:0.2500|IEF:0.2500|IWD:0.2500|QQQ:0.2500,2.3218
2026-06-23,daa,offensive,EEM:0.5000|IWM:0.5000,2.3344
2026-06-23,vaa,offensive,EEM:1.0000,2.1497
2026-06-23,paa,offensive,IEF:0.1667|IWM:0.8333,2.3290
2026-06-23,baa_g12,offensive,IWM:1.0000,2.3258
2026-06-23,baa_g4,offensive,EEM:1.0000,2.1435
2026-06-23,gem,offensive,SPY:1.0000,0.2548
2026-06-23,haa,offensive,EEM:1.0000,2.1403
2026-06-23,permanent,offensive,BIL:0.2500|GLD:0.2500|SPY:0.2500|TLT:0.2500,0.9173
2026-06-23,all_weather,offensive,DBC:0.0750|GLD:0.0750|IEF:0.1500|SPY:0.3000|TLT:0.4000,0.9201
2026-06-23,golden_butterfly,offensive,GLD:0.2000|SHY:0.2000|SPY:0.2000|TLT:0.2000|VBR:0.2000,1.4596
2026-06-23,gtaa,offensive,DBC:0.2500|EFA:0.2500|SPY:0.2500|VNQ:0.2500,0.9678
2026-06-23,ivy,offensive,DBC:0.2500|EFA:0.2500|VNQ:0.2500|VTI:0.2500,1.0250
2026-06-23,faa,offensive,EEM:0.3333|SPY:0.3333|VNQ:0.3333,0.5374
2026-06-23,eaa,offensive,EEM:0.3158|SPY:0.2927|VNQ:0.3916,0.5382
2026-06-23,laa,offensive,GLD:0.2500|IEF:0.2500|IWD:0.2500|QQQ:0.2500,1.7425
2026-06-24,daa,offensive,EEM:0.5000|IWM:0.5000,2.0969
2026-06-24,vaa,offensive,EEM:1.0000,1.9221
2026-06-24,paa,offensive,IEF:0.1667|IWM:0.8333,2.0947
2026-06-24,baa_g12,offensive,IWM:1.0000,2.0947
2026-06-24,baa_g4,offensive,EEM:1.0000,1.9221
2026-06-24,gem,offensive,SPY:1.0000,0.2346
2026-06-24,haa,offensive,EEM:1.0000,1.9158
2026-06-24,permanent,offensive,BIL:0.2500|GLD:0.2500|SPY:0.2500|TLT:0.2500,0.7247
2026-06-24,all_weather,offensive,DBC:0.0750|GLD:0.0750|IEF:0.1500|SPY:0.3000|TLT:0.4000,0.7260
2026-06-24,golden_butterfly,offensive,GLD:0.2000|SHY:0.2000|SPY:0.2000|TLT:0.2000|VBR:0.2000,1.3388
2026-06-24,gtaa,offensive,DBC:0.2000|EFA:0.2000|IEF:0.2000|SPY:0.2000|VNQ:0.2000,0.8882
2026-06-24,ivy,offensive,DBC:0.2000|EFA:0.2000|IEF:0.2000|VNQ:0.2000|VTI:0.2000,0.8872
2026-06-24,faa,offensive,EEM:0.3333|SPY:0.3333|VNQ:0.3333,0.4786
2026-06-24,eaa,offensive,EEM:0.2998|IEF:0.3086|VNQ:0.3915,0.4774
2026-06-24,laa,offensive,GLD:0.2500|IEF:0.2500|IWD:0.2500|QQQ:0.2500,1.3470
2026-06-25,daa,offensive,EEM:0.5000|IWM:0.5000,1.8776
2026-06-25,vaa,offensive,EEM:1.0000,1.7451
2026-06-25,paa,offensive,IEF:0.1667|IWM:0.8333,1.8846
2026-06-25,baa_g12,offensive,IWM:1.0000,1.8874
2026-06-25,baa_g4,offensive,EEM:1.0000,1.7497
2026-06-25,gem,offensive,SPY:1.0000,0.2220
2026-06-25,haa,offensive,EEM:1.0000,1.7436
2026-06-25,permanent,offensive,BIL:0.2500|GLD:0.2500|SPY:0.2500|TLT:0.2500,0.6008
2026-06-25,all_weather,offensive,DBC:0.0750|GLD:0.0750|IEF:0.1500|SPY:0.3000|TLT:0.4000,0.6037
2026-06-25,golden_butterfly,offensive,GLD:0.2000|SHY:0.2000|SPY:0.2000|TLT:0.2000|VBR:0.2000,1.3207
2026-06-25,gtaa,offensive,DBC:0.2000|EFA:0.2000|IEF:0.2000|SPY:0.2000|VNQ:0.2000,0.8410
2026-06-25,ivy,offensive,DBC:0.2000|EFA:0.2000|IEF:0.2000|VNQ:0.2000|VTI:0.2000,0.8450
2026-06-25,faa,offensive,AGG:0.3333|EEM:0.3333|VNQ:0.3333,0.4321
2026-06-25,eaa,offensive,EEM:0.3029|IEF:0.2767|VNQ:0.4204,0.4328
2026-06-25,laa,offensive,GLD:0.2500|IEF:0.2500|IWD:0.2500|QQQ:0.2500,1.5182
2026-06-26,daa,offensive,EEM:0.5000|IWM:0.5000,2.0081
2026-06-26,vaa,offensive,EEM:1.0000,1.7548
2026-06-26,paa,offensive,IEF:0.1667|IWM:0.8333,2.0004
2026-06-26,baa_g12,offensive,IWM:1.0000,2.0060
2026-06-26,baa_g4,offensive,EEM:1.0000,1.7625
2026-06-26,gem,offensive,SPY:1.0000,0.2235
2026-06-26,haa,offensive,EEM:1.0000,1.7548
2026-06-26,permanent,offensive,BIL:0.2500|GLD:0.2500|SPY:0.2500|TLT:0.2500,0.7153
2026-06-26,all_weather,offensive,DBC:0.0750|GLD:0.0750|IEF:0.1500|SPY:0.3000|TLT:0.4000,0.7127
2026-06-26,golden_butterfly,offensive,GLD:0.2000|SHY:0.2000|SPY:0.2000|TLT:0.2000|VBR:0.2000,1.4661
2026-06-26,gtaa,offensive,DBC:0.2000|EFA:0.2000|IEF:0.2000|SPY:0.2000|VNQ:0.2000,1.2002
2026-06-26,ivy,offensive,DBC:0.2000|EFA:0.2000|IEF:0.2000|VNQ:0.2000|VTI:0.2000,1.1982
2026-06-26,faa,offensive,AGG:0.3333|EEM:0.3333|VNQ:0.3333,0.4372
2026-06-26,eaa,offensive,EEM:0.2397|IEF:0.2872|VNQ:0.4731,0.4372
2026-06-26,laa,offensive,GLD:0.2500|IEF:0.2500|IWD:0.2500|QQQ:0.2500,1.5324
2026-06-29,daa,offensive,EEM:0.5000|IWM:0.5000,1.9449
2026-06-29,vaa,offensive,EEM:1.0000,1.6202
2026-06-29,paa,offensive,IEF:0.1667|IWM:0.8333,1.9439
2026-06-29,baa_g12,offensive,IWM:1.0000,1.9393
2026-06-29,baa_g4,offensive,EEM:1.0000,1.6171
2026-06-29,gem,offensive,SPY:1.0000,0.2235
2026-06-29,haa,offensive,EEM:1.0000,1.6202
2026-06-29,permanent,offensive,BIL:0.2500|GLD:0.2500|SPY:0.2500|TLT:0.2500,0.8645
2026-06-29,all_weather,offensive,DBC:0.0750|GLD:0.0750|IEF:0.1500|SPY:0.3000|TLT:0.4000,0.8640
2026-06-29,golden_butterfly,offensive,GLD:0.2000|SHY:0.2000|SPY:0.2000|TLT:0.2000|VBR:0.2000,1.4901
2026-06-29,gtaa,offensive,DBC:0.2000|EFA:0.2000|IEF:0.2000|SPY:0.2000|VNQ:0.2000,1.1469
2026-06-29,ivy,offensive,DBC:0.2000|EFA:0.2000|IEF:0.2000|VNQ:0.2000|VTI:0.2000,1.1442
2026-06-29,faa,offensive,AGG:0.3333|EEM:0.3333|VNQ:0.3333,0.4050
2026-06-29,eaa,offensive,IEF:0.2462|SPY:0.2770|VNQ:0.4769,0.4066
2026-06-29,laa,offensive,GLD:0.2500|IEF:0.2500|IWD:0.2500|QQQ:0.2500,1.6090
2026-06-30,daa,offensive,EEM:0.5000|IWM:0.5000,2.2806
2026-06-30,vaa,offensive,EEM:1.0000,2.0053
2026-06-30,paa,offensive,IEF:0.1667|IWM:0.8333,2.2813
2026-06-30,baa_g12,offensive,IWM:1.0000,2.2824
2026-06-30,baa_g4,offensive,EEM:1.0000,2.0068
2026-06-30,gem,offensive,SPY:1.0000,0.2277
2026-06-30,haa,offensive,EEM:1.0000,2.0037
2026-06-30,permanent,offensive,BIL:0.2500|GLD:0.2500|SPY:0.2500|TLT:0.2500,1.0161
2026-06-30,all_weather,offensive,DBC:0.0750|GLD:0.0750|IEF:0.1500|SPY:0.3000|TLT:0.4000,1.0164
2026-06-30,golden_butterfly,offensive,GLD:0.2000|SHY:0.2000|SPY:0.2000|TLT:0.2000|VBR:0.2000,1.6356
2026-06-30,gtaa,offensive,DBC:0.2000|EFA:0.2000|IEF:0.2000|SPY:0.2000|VNQ:0.2000,1.1408
2026-06-30,ivy,offensive,DBC:0.2000|EFA:0.2000|IEF:0.2000|VNQ:0.2000|VTI:0.2000,1.1387
2026-06-30,faa,offensive,EEM:0.3333|SPY:0.3333|VNQ:0.3333,0.5025
2026-06-30,eaa,offensive,EEM:0.2677|SPY:0.2958|VNQ:0.4364,0.5013
2026-06-30,laa,offensive,GLD:0.2500|IEF:0.2500|IWD:0.2500|QQQ:0.2500,1.9679
2026-07-01,daa,offensive,IWM:0.5000|QQQ:0.5000,2.2647
2026-07-01,vaa,offensive,EEM:1.0000,1.1261
2026-07-01,paa,offensive,IWM:0.8333|SHY:0.1667,2.2612
2026-07-01,baa_g12,offensive,IWM:1.0000,2.2612
2026-07-01,baa_g4,offensive,EEM:1.0000,1.1171
2026-07-01,gem,offensive,SPY:1.0000,0.2241
2026-07-01,haa,offensive,EEM:1.0000,1.1246
2026-07-01,permanent,offensive,BIL:0.2500|GLD:0.2500|SPY:0.2500|TLT:0.2500,0.8897
2026-07-01,all_weather,offensive,DBC:0.0750|GLD:0.0750|IEF:0.1500|SPY:0.3000|TLT:0.4000,0.8902
2026-07-01,golden_butterfly,offensive,GLD:0.2000|SHY:0.2000|SPY:0.2000|TLT:0.2000|VBR:0.2000,1.6665
2026-07-01,gtaa,offensive,DBC:0.2500|EFA:0.2500|SPY:0.2500|VNQ:0.2500,1.3398
2026-07-01,ivy,offensive,DBC:0.2500|EFA:0.2500|VNQ:0.2500|VTI:0.2500,1.3377
2026-07-01,faa,offensive,AGG:0.3333|SPY:0.3333|VNQ:0.3333,0.3352
2026-07-01,eaa,offensive,EEM:0.1632|SPY:0.2811|VNQ:0.5558,0.3357
2026-07-01,laa,offensive,GLD:0.2500|IEF:0.2500|IWD:0.2500|QQQ:0.2500,1.6107
2026-07-02,daa,offensive,IWM:0.5000|VNQ:0.5000,1.7282
2026-07-02,vaa,offensive,EFA:1.0000,0.7617
2026-07-02,paa,offensive,IWM:0.8333|SHY:0.1667,1.7142
2026-07-02,baa_g12,offensive,IWM:1.0000,1.7156
2026-07-02,baa_g4,offensive,EFA:1.0000,0.7560
2026-07-02,gem,offensive,SPY:1.0000,0.2138
2026-07-02,haa,offensive,EFA:1.0000,0.7579
2026-07-02,permanent,offensive,BIL:0.2500|GLD:0.2500|SPY:0.2500|TLT:0.2500,0.6667
2026-07-02,all_weather,offensive,DBC:0.0750|GLD:0.0750|IEF:0.1500|SPY:0.3000|TLT:0.4000,0.6679
2026-07-02,golden_butterfly,offensive,GLD:0.2000|SHY:0.2000|SPY:0.2000|TLT:0.2000|VBR:0.2000,1.3204
2026-07-02,gtaa,offensive,DBC:0.2500|EFA:0.2500|SPY:0.2500|VNQ:0.2500,1.2749
2026-07-02,ivy,offensive,DBC:0.2500|EFA:0.2500|VNQ:0.2500|VTI:0.2500,1.2749
2026-07-02,faa,offensive,AGG:0.3333|SPY:0.3333|VNQ:0.3333,0.3187
2026-07-02,eaa,offensive,EFA:0.1767|SPY:0.2351|VNQ:0.5882,0.3187
2026-07-02,laa,offensive,GLD:0.2500|IEF:0.2500|IWD:0.2500|QQQ:0.2500,1.5618
2026-07-03,daa,offensive,IWM:0.5000|VNQ:0.5000,1.8424
2026-07-03,vaa,offensive,EFA:1.0000,0.8234
2026-07-03,paa,offensive,IWM:0.8333|SHY:0.1667,1.8424
2026-07-03,baa_g12,offensive,IWM:1.0000,1.8424
2026-07-03,baa_g4,offensive,EFA:1.0000,0.8234
2026-07-03,gem,offensive,SPY:1.0000,0.2192
2026-07-03,haa,offensive,EFA:1.0000,0.8234
2026-07-03,permanent,offensive,BIL:0.2500|GLD:0.2500|SPY:0.2500|TLT:0.2500,0.7539
2026-07-03,all_weather,offensive,DBC:0.0750|GLD:0.0750|IEF:0.1500|SPY:0.3000|TLT:0.4000,0.7539
2026-07-03,golden_butterfly,offensive,GLD:0.2000|SHY:0.2000|SPY:0.2000|TLT:0.2000|VBR:0.2000,1.4457
2026-07-03,gtaa,offensive,DBC:0.2500|EFA:0.2500|SPY:0.2500|VNQ:0.2500,1.3726
2026-07-03,ivy,offensive,DBC:0.2500|EFA:0.2500|VNQ:0.2500|VTI:0.2500,1.5848
2026-07-03,faa,offensive,AGG:0.3333|SPY:0.3333|VNQ:0.3333,0.3431
2026-07-03,eaa,offensive,EFA:0.1768|SPY:0.2445|VNQ:0.5787,0.3431
2026-07-03,laa,offensive,GLD:0.2500|IEF:0.2500|IWD:0.2500|QQQ:0.2500,1.6471
2026-07-06,daa,offensive,EWJ:0.5000|IWM:0.5000,2.1202
2026-07-06,vaa,offensive,EEM:1.0000,1.3465
2026-07-06,paa,offensive,IWM:0.8333|SHY:0.1667,2.1217
2026-07-06,baa_g12,offensive,IWM:1.0000,2.1216
2026-07-06,baa_g4,offensive,EEM:1.0000,1.3420
2026-07-06,gem,offensive,SPY:1.0000,0.2221
2026-07-06,haa,offensive,EEM:1.0000,1.3390
2026-07-06,permanent,offensive,BIL:0.2500|GLD:0.2500|SPY:0.2500|TLT:0.2500,0.9822
2026-07-06,all_weather,offensive,DBC:0.0750|GLD:0.0750|IEF:0.1500|SPY:0.3000|TLT:0.4000,0.9852
2026-07-06,golden_butterfly,offensive,GLD:0.2000|SHY:0.2000|SPY:0.2000|TLT:0.2000|VBR:0.2000,1.5257
2026-07-06,gtaa,offensive,DBC:0.2500|EFA:0.2500|SPY:0.2500|VNQ:0.2500,1.1639
2026-07-06,ivy,offensive,DBC:0.2500|EFA:0.2500|VNQ:0.2500|VTI:0.2500,1.1639
2026-07-06,faa,offensive,AGG:0.3333|EEM:0.3333|VNQ:0.3333,0.3336
2026-07-06,eaa,offensive,EFA:0.2313|SPY:0.3017|VNQ:0.4669,0.3348
2026-07-06,laa,offensive,GLD:0.2500|IEF:0.2500|IWD:0.2500|QQQ:0.2500,1.6805
2026-07-07,daa,offensive,IWM:0.5000|VNQ:0.5000,1.7284
2026-07-07,vaa,offensive,EEM:1.0000,0.8951
2026-07-07,paa,offensive,IWM:0.7500|SHY:0.2500,1.7259
2026-07-07,baa_g12,offensive,IWM:1.0000,1.7235
2026-07-07,baa_g4,offensive,EEM:1.0000,0.8861
2026-07-07,gem,offensive,SPY:1.0000,0.2111
2026-07-07,haa,offensive,EEM:1.0000,0.8891
2026-07-07,permanent,offensive,BIL:0.2500|GLD:0.2500|SPY:0.2500|TLT:0.2500,0.8781
2026-07-07,all_weather,offensive,DBC:0.0750|GLD:0.0750|IEF:0.1500|SPY:0.3000|TLT:0.4000,0.8783
2026-07-07,golden_butterfly,offensive,GLD:0.2000|SHY:0.2000|SPY:0.2000|TLT:0.2000|VBR:0.2000,1.3246
2026-07-07,gtaa,offensive,DBC:0.2500|EFA:0.2500|SPY:0.2500|VNQ:0.2500,1.2444
2026-07-07,ivy,offensive,DBC:0.2500|EFA:0.2500|VNQ:0.2500|VTI:0.2500,1.2444
2026-07-07,faa,offensive,SHY:0.3333|SPY:0.3333|VNQ:0.3333,0.3111
2026-07-07,eaa,offensive,EFA:0.1809|SPY:0.2862|VNQ:0.5329,0.3108
2026-07-07,laa,offensive,GLD:0.2500|IEF:0.2500|IWD:0.2500|QQQ:0.2500,1.6006
2026-07-08,daa,offensive,EEM:0.5000|IWM:0.5000,1.8276
2026-07-08,vaa,offensive,EEM:1.0000,1.6551
2026-07-08,paa,offensive,IWM:0.6667|SHY:0.3333,1.8283
2026-07-08,baa_g12,offensive,IWM:1.0000,1.8333
2026-07-08,baa_g4,offensive,EEM:1.0000,1.6504
2026-07-08,gem,offensive,SPY:1.0000,0.2128
2026-07-08,haa,offensive,EEM:1.0000,1.6551
2026-07-08,permanent,offensive,BIL:0.2500|GLD:0.2500|SPY:0.2500|TLT:0.2500,1.0663
2026-07-08,all_weather,offensive,DBC:0.0750|GLD:0.0750|IEF:0.1500|SPY:0.3000|TLT:0.4000,1.0644
2026-07-08,golden_butterfly,offensive,GLD:0.2000|SHY:0.2000|SPY:0.2000|TLT:0.2000|VBR:0.2000,1.1101
2026-07-08,gtaa,offensive,DBC:0.2500|EFA:0.2500|SPY:0.2500|VNQ:0.2500,1.0655
2026-07-08,ivy,offensive,DBC:0.2500|EFA:0.2500|VNQ:0.2500|VTI:0.2500,1.1156
2026-07-08,faa,offensive,EEM:0.3333|SHY:0.3333|SPY:0.3333,0.4146
2026-07-08,eaa,offensive,EEM:0.2529|SPY:0.3597|VNQ:0.3874,0.4146
2026-07-08,laa,offensive,GLD:0.2500|IEF:0.2500|IWD:0.2500|QQQ:0.2500,1.6173
2026-07-09,daa,offensive,IWM:0.5000|QQQ:0.5000,1.8808
2026-07-09,vaa,offensive,EEM:1.0000,1.4805
2026-07-09,paa,offensive,IWM:0.7500|SHY:0.2500,1.8850
2026-07-09,baa_g12,offensive,IWM:1.0000,1.8878
2026-07-09,baa_g4,offensive,EEM:1.0000,1.4866
2026-07-09,gem,offensive,SPY:1.0000,0.2251
2026-07-09,haa,offensive,EEM:1.0000,1.4836
2026-07-09,permanent,offensive,BIL:0.2500|GLD:0.2500|SPY:0.2500|TLT:0.2500,1.1003
2026-07-09,all_weather,offensive,DBC:0.0750|GLD:0.0750|IEF:0.1500|SPY:0.3000|TLT:0.4000,1.0989
2026-07-09,golden_butterfly,offensive,GLD:0.2000|SHY:0.2000|SPY:0.2000|TLT:0.2000|VBR:0.2000,1.1980
2026-07-09,gtaa,offensive,DBC:0.2500|EFA:0.2500|SPY:0.2500|VNQ:0.2500,1.0995
2026-07-09,ivy,offensive,DBC:0.2500|EFA:0.2500|VNQ:0.2500|VTI:0.2500,1.1623
2026-07-09,faa,offensive,EEM:0.3333|SPY:0.3333|VNQ:0.3333,0.3694
2026-07-09,eaa,offensive,EEM:0.2190|SPY:0.3598|VNQ:0.4212,0.3694
2026-07-09,laa,offensive,GLD:0.2500|IEF:0.2500|IWD:0.2500|QQQ:0.2500,1.5650
2026-07-10,daa,offensive,IWM:0.5000|QQQ:0.5000,1.7032
2026-07-10,vaa,offensive,EEM:1.0000,1.5009
2026-07-10,paa,offensive,QQQ:0.6667|SHY:0.3333,1.7024
2026-07-10,baa_g12,offensive,QQQ:1.0000,1.7012
2026-07-10,baa_g4,offensive,EEM:1.0000,1.4963
2026-07-10,gem,offensive,SPY:1.0000,0.2215
2026-07-10,haa,offensive,EEM:1.0000,1.4948
2026-07-10,permanent,offensive,BIL:0.2500|GLD:0.2500|SPY:0.2500|TLT:0.2500,1.1717
2026-07-10,all_weather,offensive,DBC:0.0750|GLD:0.0750|IEF:0.1500|SPY:0.3000|TLT:0.4000,1.1712
2026-07-10,golden_butterfly,offensive,GLD:0.2000|SHY:0.2000|SPY:0.2000|TLT:0.2000|VBR:0.2000,1.1712
2026-07-10,gtaa,offensive,DBC:0.2500|EFA:0.2500|SPY:0.2500|VNQ:0.2500,1.1731
2026-07-10,ivy,offensive,DBC:0.2500|EFA:0.2500|VNQ:0.2500|VTI:0.2500,1.1992
2026-07-10,faa,offensive,EEM:0.3333|SHY:0.3333|SPY:0.3333,0.3737
2026-07-10,eaa,offensive,EEM:0.2620|SPY:0.4533|VNQ:0.2847,0.3745
2026-07-10,laa,offensive,GLD:0.2500|IEF:0.2500|IWD:0.2500|QQQ:0.2500,1.7052
